y_true,y_pred,y_pred_proba
1,1,0.9907865848068489
1,1,0.9974908780757982
1,1,0.9998952830519484
1,1,0.999989689581722
1,1,0.9995989735075143
0,0,0.16453307816008816
1,1,0.9926841020079709
0,0,0.045189607121806266
1,1,0.978062466637834
1,1,0.9987257589344969
0,0,0.0024377320369938387
0,0,0.06085545903102991
1,1,0.9999762725178443
0,0,0.08031806672831036
0,0,0.000728547614066895
0,0,0.029642764127409987
0,0,0.00529725483694074
0,0,0.012285611128133082
1,1,0.9999944474153264
0,1,0.631561547573859
1,1,0.9998701185177341
0,0,0.4119420736167634
1,1,0.9998936316665392
0,0,0.007041312561874023
1,0,0.010202972739227238
1,1,0.9998075440383329
0,0,5.5570948366368934e-05
0,0,0.1176187958021899
0,0,0.28599316155008875
0,0,0.014987675752140595
0,0,0.014882853685355333
1,1,0.9999999791866592
1,0,0.032169326640259184
0,0,0.004471166392021378
0,0,0.4403063110635028
0,0,0.002928786924920547
0,0,0.17512567495402565
0,0,0.09161864539056241
1,1,0.9994579977508443
0,0,0.05540136353845414
0,0,0.0006693670502783778
1,1,0.9435174642508659
1,1,0.9445606406705812
0,0,6.69425720866518e-05
1,1,0.9975681689266528
1,1,0.9999407087634063
1,1,0.9999959173379389
1,1,0.9999999896653414
0,0,0.0016356258741373794
0,0,6.852298971696329e-07
1,1,0.9999909012076141
1,1,0.9992278692791497
0,1,0.8490068206660368
0,1,0.5880763885918041
0,0,0.01266968933948839
1,1,0.9979287154245468
0,0,0.0014283492899372422
1,1,0.9998117273736153
0,0,0.00031368798712639646
0,0,0.25187166413393447
1,1,0.9997691135657336
0,0,0.22599936523966335
1,0,0.4065128809833
1,1,0.9998007927834327
0,0,0.000428974400216983
1,1,0.9999997534973798
1,1,0.9995388265446642
0,0,0.014819856472314524
0,0,0.002290956526434046
1,1,0.9408297547212715
0,0,0.013006247030355403
0,0,0.0007680582471858294
1,1,0.8544228340332548
1,1,0.9994632179883588
0,0,0.003701126995493631
0,0,0.06800251148312629
0,0,0.06060688702945634
0,0,0.024948539426362448
0,0,0.0007451888306169174
1,1,0.9279481799797217
0,0,0.3829883143803924
0,0,0.016210996588614232
1,1,0.9999997141922778
0,0,0.00011174206160514152
0,0,0.03995283510022185
0,0,0.04114981784401799
0,0,0.01247382054333361
1,1,0.7930452875366858
1,1,0.9984865095765383
1,1,0.999994057533367
0,1,0.7968390124426914
1,1,0.9743585377180478
1,1,0.9997061926246811
0,0,0.007670476182801307
0,0,0.0032673741814663857
1,1,0.9984526925268283
0,0,0.0001258521508632197
1,1,0.9996850333597671
0,0,0.00033714638438378676
1,1,0.9999995761535263
0,0,0.01165802206222275
0,0,0.0816537124193249
1,1,0.9990577014749593
1,1,0.8615815425976883
0,0,0.022159028167661812
0,0,0.01720209260266382
1,1,0.9108600590578503
0,0,0.21461770437837485
1,1,0.9999883822668286
1,1,0.9983115562807149
0,1,0.6340894002343825
0,0,4.79226290828498e-06
0,0,0.032281765153287456
1,0,0.04143613472858086
1,1,0.9978460064448208
0,0,0.0012283904862884411
0,0,0.003109158047119982
0,0,7.761684477227433e-05
0,1,0.6459722777439219
1,1,0.9998924822277873
0,1,0.5651318079407825
1,0,0.24134634373954944
1,1,0.9999450062511178
0,1,0.9988660174664333
1,1,0.9970387323988223
0,0,0.017927822280520513
0,0,0.00016563401755208962
0,0,0.0008167638896847904
1,1,0.9999925663596311
0,0,0.0004438021686733935
0,0,0.049469652684028816
1,1,0.9846919366020793
0,0,0.009092698293621027
1,0,0.13242357909843996
1,1,0.9999506019191141
0,0,0.029795289723353383
0,1,0.8459474773264103
0,1,0.8126637705354195
0,0,0.039448977166528454
0,0,0.056492253541630594
1,1,0.999999973883914
0,0,0.06223867819310192
0,0,0.00015224963591002068
1,1,0.9995974250765415
0,0,0.00031774254779320276
0,0,0.02577777799302106
0,0,0.13445558578214473
1,0,0.22963261894727402
0,0,0.12568437804174426
0,0,0.1624477657900166
1,1,0.9719862299384081
1,1,0.9997718678526154
0,0,0.1312793586216552
0,0,0.19011980137891804
0,0,0.001862764227382171
1,1,0.7640859889101242
0,0,0.007722980436238068
1,1,0.9998077088697294
0,0,0.00013094488765408833
1,1,0.9999999995782793
0,0,0.028718816953437278
1,1,0.9999154425257807
1,1,0.9963220330756849
1,1,0.9997212231761893
1,1,0.9975803979455025
0,0,0.0015996504573221936
1,1,0.9993549072060794
1,1,0.9995357274838671
1,1,0.9998925542264939
1,1,0.9973291571972959
0,0,0.006279478819897997
1,1,0.9995179650527791
0,0,0.046190005431227796
0,0,0.00024732488432344774
1,1,0.9999668516332979
0,0,0.25198088104297
1,1,0.7200455344248133
1,0,0.22909752332373287
0,0,0.05855351551323542
1,1,0.9991224826261944
1,1,0.9997130835764948
0,0,0.0007324136243595001
1,1,0.999891683637397
0,0,3.9158826370589254e-05
0,0,0.058932754621098815
0,0,0.04368432331864309
0,0,0.006462303468147262
1,1,0.7731955970374952
0,0,3.33976637892929e-05
1,1,0.9999999610232873
1,1,0.9993429060954057
0,0,0.10059105018898537
1,0,0.008511327733572927
1,1,0.9979264322154385
1,1,0.7970913784599138
1,1,0.9820424059330877
1,0,0.4728092738754509
1,1,0.9998164987549565
0,0,0.12238385918954356
0,0,0.044940404637451734
0,0,0.001069321084226285
0,0,0.06744585843931324
0,0,0.001020919396450584
1,1,0.9999093272087314
0,0,0.0603759219684207
0,1,0.987876215873563
0,0,0.05205485324673087
0,0,0.03760042330794031
0,1,0.5254225992565013
1,1,0.9999462119314789
1,1,0.9999711895238222
0,0,0.10621463820689953
0,0,0.4195386758557184
1,1,0.9986783778023278
0,0,0.001924287299541937
1,1,0.9990950338746571
1,1,0.9993854948725942
0,0,0.08646097728440447
0,0,0.015626316848291032
1,1,0.9996518193102737
1,1,0.8721302072096878
1,1,0.9999849807309328
0,0,0.005171726976206668
1,1,0.8285024061183156
0,1,0.805379830926297
0,0,0.14107418154065526
1,1,0.9999044192926609
1,0,0.21637879696366671
0,0,0.02866766880126431
0,0,0.05803388636526153
1,1,0.644034281430238
0,0,0.003258967903222241
0,1,0.5990339961973343
0,0,0.028878213220767824
0,0,0.00013341432113804874
0,0,0.3006468647519808
1,1,0.9952029092645158
0,0,0.20154482682098274
1,1,0.999187261039656
0,0,0.013044430788120577
1,1,0.9996997618810401
1,1,0.9898108276910005
0,0,0.2762922911441437
0,0,0.0021910276469386766
0,1,0.7615391538462328
1,0,0.012578004242612125
1,1,0.5388561031528953
1,1,0.9679784287395045
1,1,0.9999699631534767
1,1,0.9996617108135861
0,0,0.010605347297231874
1,1,0.9998314990776382
1,1,0.9999769360700148
0,0,0.0007331704626836931
1,1,0.9996283628847159
0,0,0.3906650324481427
0,0,0.02042630466906705
1,1,0.9994546382146637
0,0,0.30256876376134095
1,1,0.5526409385960631
0,0,0.0007826712707167356
1,0,0.05905774480811389
1,1,0.9985972454158779
1,1,0.9986805709010673
0,0,0.0008722545189088484
0,0,6.977391729829093e-06
0,1,0.617914512686918
0,0,0.1375405974793245
0,0,0.17282992749598916
1,1,0.9969605782761353
1,1,0.9999756931949966
1,1,0.9999180007782021
0,0,0.000796818057105561
1,1,0.9990363940513042
1,1,0.9998125870318602
0,0,0.01720685056174834
1,1,0.5354449844029344
0,0,0.0816438088673542
1,1,0.9982883560684584
1,1,0.9982638231154867
0,0,0.049031066399175434
1,1,0.9999981451178033
1,1,0.6144950397645288
0,0,0.061486169458612815
1,1,0.9998184980825698
1,1,0.995025756986064
0,0,0.0019526264585171347
0,1,0.7349438591256666
1,1,0.511807567597502
0,0,0.0014846978808953164
1,1,0.9999999909518796
1,1,0.9998819634977161
1,1,0.9979427859711829
1,0,0.09029256645947986
0,0,0.050313179480079025
1,0,0.3944661404668476
1,0,0.019173782776444624
1,1,0.9999722637052874
1,1,0.9996797859546817
1,1,0.9999127393732961
0,0,0.004111430327001854
0,0,0.09795002530013881
0,0,0.0031595602873723603
1,1,0.9987459177044942
0,0,0.06602775823149258
0,0,0.1532212191366742
0,0,0.0002857194240951587
1,1,0.999997411470659
0,0,4.030927326074014e-06
1,1,0.9994683693937135
1,1,0.9999835865159933
0,0,0.05722478519506815
1,1,0.9999130318817216
1,1,0.9999128678092322
0,0,0.0026236390003388887
0,0,0.0783364749227241
1,1,0.9999998907217529
0,0,0.46442220537537116
1,1,0.9994317807198392
1,1,0.9998148821825396
0,0,0.20495720013607482
1,1,0.9905068251416611
0,0,0.009559657228689082
1,1,0.9685431774239281
0,1,0.9999069860941949
1,1,0.5263153208814321
0,1,0.509945782496949
0,0,0.00010950682471036607
0,0,0.04649200480003442
0,0,0.020432122258510762
1,1,0.9994334895175617
0,0,0.006051545655449328
0,0,0.020564280758925524
1,1,0.9999375165648516
0,0,0.1771364390962578
0,0,0.2773047247163186
1,1,0.9809002150342548
0,0,0.008849350924858711
1,1,0.987524596976622
1,1,0.9999998607850925
0,0,0.008803171419460007
0,1,0.7272073347982079
0,0,0.00021617055012161266
1,1,0.9999995937666697
0,0,0.0012345796468009056
0,0,1.5827857649767565e-07
0,0,0.015119848154049443
1,1,0.9999999998747875
0,0,0.05869844342464783
0,1,0.5358460423390005
0,1,0.8773110483947054
1,1,0.9992548722602395
1,1,0.9992851001756363
0,0,0.002491007140578838
0,0,0.00016720178724764274
0,0,0.05707491018916552
1,1,0.9998562254668703
0,1,0.9406020968305092
0,0,0.045052190824857286
1,1,0.9992973467648261
1,0,0.11965750048516877
1,1,0.63794121339073
1,1,0.9999993150986785
0,0,0.003797722030430174
1,0,0.01338844596710849
0,0,0.004424876784538552
1,0,0.01524047267320372
1,1,0.9999999929669781
1,1,0.9998546989835474
0,0,1.837167368633679e-05
0,0,1.5269621004602036e-05
1,1,0.9999269314900793
1,0,0.3501474740688882
1,0,0.12542353339476034
1,1,0.999812288212431
0,0,4.3302805238434586e-05
1,0,0.009254710434424713
1,1,0.9999562165424919
1,0,0.039509648260151804
1,0,0.41347693202431524
1,1,0.9998641929103977
1,1,0.9999868304714505
1,1,0.9999872218425285
0,0,0.0036476783282076517
1,1,0.7850470167379324
0,1,0.6469174795264587
1,1,0.8436066902035677
1,1,0.9975301067487738
1,1,0.9999401687720992
0,0,0.00014427654989242333
0,0,0.02303946238218873
0,0,6.356515097244954e-05
0,0,0.020790756435195634
0,0,0.13212020080555828
1,1,0.9992131464562721
0,0,0.03711503363696225
1,1,0.9999034544966366
0,0,0.15112427691283617
1,1,0.9991863840588292
0,0,0.004846101403801115
0,0,0.01252800181884265
0,0,0.4117769422422855
1,1,0.9995420608818886
0,0,0.22665487237557821
1,0,0.002108360838126947
0,0,0.010597649829541724
0,1,0.9306317227921213
1,1,0.9998376988800642
1,1,0.9999962746016573
0,0,0.019079967828984908
0,0,0.1762239518704299
0,0,0.003952480735503718
1,1,0.9987382281488073
0,1,0.8043865666139921
1,1,0.9991443275017746
1,1,0.9999860687817054
1,0,0.019374499266596536
0,0,0.0004745304167315474
1,1,0.9995081227629355
1,1,0.9999971859968141
1,0,0.013071214635440377
1,1,0.9999985097316504
0,0,0.0008511428919064551
1,1,0.9998481109813113
1,1,0.9996345061732015
1,1,0.999904196110605
1,1,0.9999999581981549
0,0,0.39338495743457863
1,1,0.7416478983704072
0,1,0.7298385606955571
0,0,0.000603747441734383
1,1,0.9998877750339383
1,1,0.9912319945720219
1,1,0.999246882029737
1,1,0.9992651366821004
1,1,0.9999999169010769
0,0,0.4195599074666629
0,1,0.8285583418924702
0,0,0.13238454635579633
0,0,0.009680194089959942
0,0,0.04961685484937211
0,0,0.05596704244162613
0,0,0.00029733397758931277
0,0,0.3234096337121691
1,1,0.9998048812676538
1,1,0.999959323717985
1,1,0.9938358131802092
0,0,0.0010690794100972026
0,0,0.0003244437984294448
1,1,0.9998022747990972
1,0,0.033930201097700306
1,1,0.9985065290537684
0,0,0.02862567679209247
1,1,0.998380605469794
0,0,0.47545858487125153
0,0,0.00044665176399623065
1,0,0.09692301157092757
1,1,0.9998657736101872
0,0,0.1631712016818103
0,0,0.005530739453349575
0,0,0.06620499428854366
0,0,0.007549235096038958
0,0,0.009924270769596058
1,1,0.9992185624515386
0,0,0.001279277042238603
1,1,0.9999953392242856
0,0,5.1600548077468935e-05
1,1,0.9992442026413617
1,1,0.9999991953295058
1,1,0.9996952992423882
0,0,0.024093845126033443
0,0,2.5739162654716338e-05
0,0,4.941331840991505e-05
0,0,0.0075810325270607255
0,0,0.0035319588402907514
1,1,0.9994891884736931
0,0,0.019194507975320796
1,1,0.9999650446912285
0,0,0.0001445163459469364
1,0,0.18272122225521364
0,0,0.0494248841367554
1,0,0.07085712826833217
1,1,0.9996676716426662
0,0,0.10427677655728829
1,1,0.651350964060454
1,0,0.040666977304511735
0,0,2.9568242739002823e-05
0,0,0.4822942635849175
1,1,0.9263494516772869
0,0,0.01626962583533579
1,1,0.9999437280975815
0,0,0.07183414290716462
0,0,0.04278061894533668
1,1,0.9997369584362357
1,1,0.9999725252352945
0,0,0.01717146914037027
1,1,0.9991463326713828
1,1,0.9900563844860487
0,0,0.0004608717987679662
1,1,0.9999853820645664
0,0,0.008354851250467778
1,1,0.9998020032798373
1,0,0.1778352291832816
1,1,0.9999132967455371
0,0,0.003555277679766684
0,0,0.00034063150337805456
0,0,0.08145307270594893
0,0,0.01738348914193339
0,0,0.0036810653320371754
0,0,0.06824898402599713
0,0,1.5991309790623584e-05
0,1,0.8224418905222518
1,1,0.9995557628249258
1,0,0.4846781957063312
1,1,0.9998893856228089
0,0,0.08693782417848696
1,1,0.9998042184475098
0,0,0.003178934603797339
0,0,0.00025517851929121485
1,1,0.9999785617006365
0,0,0.0231605477557291
1,1,0.9986110940518709
0,0,0.012655616223098553
0,1,0.6090360794325577
0,0,0.0038403755038821778
1,0,0.16350241293572515
0,0,0.08829971449608821
0,0,6.361000401170913e-06
0,0,0.4829269437362552
1,1,0.9999999234225848
0,0,0.14702830139438056
0,0,0.023410574173983612
0,0,6.934939925107194e-05
0,0,0.14732507465426323
0,0,0.04900444583875116
1,1,0.9999198921175478
1,0,0.12662421447210406
1,1,0.9992001825529352
1,1,0.9994191604426829
1,0,0.30692540341569846
0,0,0.0007372662862612681
0,0,0.2214901244662173
1,1,0.993678213118144
0,0,1.2676613607053963e-05
0,1,0.8785732294761286
0,0,0.01008481926343103
1,0,0.03582739670420312
0,0,0.06654182516228088
0,0,0.0009737362791366243
1,1,0.9999582345438556
0,0,0.04009602672333138
0,0,0.03208160023400179
1,1,0.9997122562548071
1,1,0.8122770496125891
1,1,0.9995744142184408
1,1,0.9992320362763281
0,0,0.036412205033426806
0,0,0.17213319787759143
1,0,0.022310184091800113
1,0,0.10304607572808097
1,1,0.9975336251309207
0,0,0.00317361545426175
0,0,0.14682279269323154
1,1,0.9883126112597761
1,1,0.9999974441466201
1,1,0.9999618580065719
1,1,0.9995161347422464
0,0,0.032836343162424335
0,1,0.6378335374630906
0,0,0.050115262853471246
1,0,0.23763264771201284
1,1,0.7644619389155481
0,0,0.2560657540811291
0,0,0.08769868408444473
0,0,0.051693785198888544
1,1,0.9594843065146924
0,0,0.4755407113488642
0,0,0.0006704067448775332
1,1,0.9999617633024321
0,0,0.002182920257220364
1,1,0.999999733728873
0,0,0.13176086894282588
1,0,0.0004057113650589162
1,1,0.999859353924613
0,0,0.002362245392718812
0,0,0.011669375767342786
0,0,0.008180069701674288
0,0,0.007944117805287646
1,1,0.9999210489920521
0,1,0.8777414398502289
1,1,0.9999995955162244
1,1,0.8655028358499678
1,1,0.9996748936600051
1,1,0.9997987924152613
0,0,0.2778957354833639
0,0,0.20626165329713564
0,1,0.7481082984254213
0,0,0.0023189264272643535
1,1,0.99797755409322
0,0,0.00021640883534518546
1,0,0.18595108236213617
1,1,0.5196975434752319
1,1,0.9997407216188005
1,1,0.999848074133782
1,0,0.48143573904630166
1,0,0.060815508028396616
0,0,0.0010103575646947418
0,0,0.00017262503804601887
0,0,0.12093412025563942
0,0,0.01927981272431904
1,1,0.9984792861331394
1,1,0.9996693448195131
1,1,0.9999057726813533
1,1,0.9982583895677708
1,1,0.9944781373897097
0,0,0.00353088023933558
0,0,0.011915661449816206
0,0,0.24775715375791504
0,0,0.018564110008864015
0,0,0.27744961737132795
1,1,0.9998915373441252
1,0,0.4698601732487569
0,0,0.023665086674042397
1,1,0.9998590703259091
1,1,0.9993296918370168
0,0,0.000220667181817219
0,0,0.01567669042654946
0,0,0.000926140453973834
0,0,0.0008359882812884371
1,1,0.9992494091586145
0,0,0.012907244321841925
0,0,0.0012637648173186452
0,0,0.0005794129351528686
1,1,0.9976988895498006
1,1,0.6911688936748063
0,1,0.723373269533279
0,0,0.03172525745989872
1,1,0.9999999889720722
0,0,0.00125216224311574
1,1,0.9997048351689813
1,0,0.008326414205581823
1,1,0.7753394485091878
0,0,0.0013147826549399038
1,1,0.9995852478714052
0,1,0.5840774349333206
1,1,0.9997158403976402
0,0,0.10472574965076656
0,0,0.18238804423531613
0,0,9.129718080621084e-05
1,1,0.9998356569080922
1,1,0.9998523720187653
0,0,0.0053215258136608485
1,1,0.9999981147493701
0,0,0.12108211640873233
0,0,0.3360570870594144
1,1,0.9991602931689793
1,1,0.9959951082382944
1,1,0.9999102302307161
0,0,0.4648675905435855
0,0,0.007085310000697422
1,1,0.5628676117031195
1,1,0.9996770231521751
1,1,0.9995085281828776
0,0,0.010724289779763717
1,0,0.1591205688899643
0,1,0.748537058057244
1,1,0.999958514538177
0,1,0.5334599278872593
1,1,0.9993311975581296
0,0,0.0033749706228085826
0,0,0.021758565919750908
0,0,0.0008872193628834062
0,0,0.0895936785618003
1,1,0.9998052541552059
0,0,0.09243649058525341
0,0,0.00017266961416531975
1,0,0.07694083603400974
1,1,0.9903231319208754
0,0,0.03145019452060524
0,0,0.03329938479138699
1,1,0.9992818539019054
1,1,0.9998254246270336
0,0,0.10443843746060608
0,0,0.0012765828215559078
0,0,0.15326942831914178
0,0,0.03441750795527363
1,1,0.9859985509525667
1,1,0.9992524251577366
0,0,0.006214997533574978
1,1,0.914922906474669
0,0,0.0005470503379787412
1,0,0.3414012875215139
0,0,2.6946700367793016e-05
1,0,0.05027034148451232
0,0,0.011349957416765243
1,1,0.9999999893424593
0,0,0.0003686508641625192
1,1,0.9998014676494933
1,1,0.5539152252385064
1,0,0.1254698644190124
1,1,0.9999892322872402
1,1,0.9645173773808705
1,1,0.9997366422479688
1,0,0.3129777057483236
1,1,0.6965716173799317
1,1,0.9990355544293084
1,1,0.9989173289283524
1,1,0.9977669433289688
0,0,4.1442325113640376e-05
0,0,6.0913733698932295e-05
0,0,0.00011883770297880073
0,0,0.20093722046937187
1,1,0.9999999004213757
1,1,0.999999904612632
1,1,0.9996245756777002
0,0,0.0016166043793646285
1,1,0.9893289025743058
0,0,7.761254733839993e-05
1,1,0.9994722250133306
0,0,0.014795404638901893
1,1,0.9999768531540055
1,1,0.9975625504471541
0,0,0.0040024286274306054
0,1,0.6265710432275592
0,0,0.012527912502505623
0,0,0.0006290325232008574
0,0,0.3703247400642285
1,1,0.9356306600733938
1,1,0.9999999894254955
0,0,0.006276898281541689
0,0,0.0004462057276602809
1,1,0.9986592509294614
1,1,0.9998352266798765
1,1,0.9605838614541676
0,0,0.010241212099944679
0,0,0.09653661971903583
1,1,0.9999464913631112
0,0,0.001790610987270156
0,0,0.05619337416173479
0,0,0.0001335451877005832
1,0,0.4254786993898655
0,0,0.05165171704729709
0,0,0.103478962544574
1,1,0.9999626918130629
1,1,0.9999551064593254
1,1,0.990433635777936
1,1,0.6450122704740209
0,0,0.018012601811264742
0,0,0.10691551250919924
1,1,0.9997757728713763
0,0,0.4045169770734789
1,1,0.7449647232026558
0,0,0.009816309027779541
0,0,0.022144410972873584
1,1,0.8960755230711643
0,0,0.04074136632931563
1,1,0.9473379926524292
1,0,0.41151519680354104
1,1,0.6525646079606278
0,1,0.9930518572868267
0,0,0.31157642611242464
1,0,0.023601465223772287
0,0,0.000837380692641483
0,0,0.013801134934282247
1,0,0.029472418063965455
0,0,0.058088040490633236
0,0,0.025364775511272065
0,0,0.00040874111516606864
0,0,0.04872719544208956
0,0,0.05667572247504391
1,1,0.9584951688188743
1,0,0.16248120499442584
0,0,0.031295873035266805
1,1,0.9293798989030072
1,1,0.9999970213484534
1,1,0.9995351480894046
0,0,0.009798686925212512
0,0,0.011956682841013025
0,0,0.0007704054447990554
0,0,0.00028862112063030216
1,1,0.9972373586054335
1,1,0.9978989764650966
0,0,0.3534991665353717
0,0,0.00017613616554206448
1,1,0.999893253675637
1,1,0.9941312880898249
0,0,0.13541984296757975
1,1,0.9984864077855997
0,0,0.006440463945902124
0,0,0.08957856071865059
0,0,0.37866597048649303
0,0,0.01902227946281533
1,1,0.7347038215252273
0,1,0.9898132064781231
1,1,0.9995178691104097
0,0,0.19947070878289405
0,0,0.02845593838523763
1,1,0.9993013103444458
1,0,0.002870214166037345
0,0,0.20357531400126616
1,1,0.9998885900987329
0,0,0.11688277453404858
0,0,0.42905035370892636
0,0,0.0005993158792259723
1,0,0.0035428928348320665
0,0,0.28900299372196053
1,1,0.999564136349796
1,1,0.9996267079250541
0,0,0.005622071163060226
1,1,0.9824754755731508
1,1,0.9999783714638854
0,0,0.061594719838993714
1,1,0.997398841345088
1,0,0.2979660800949269
0,0,0.03165475134298623
1,1,0.7764455880666185
1,1,0.6908963917658034
0,0,0.0014353103521471445
1,1,0.8485094975490541
0,0,0.0062368484674217356
0,0,0.000345745598139746
0,0,0.08105947042537373
1,0,0.08699887902509715
1,1,0.5084020829184805
0,0,0.03440127460740244
1,1,0.9999793854150854
1,1,0.9999829405881322
1,0,0.23279786387335047
1,0,0.0875701508058222
1,1,0.9999630334039551
0,0,0.0008131201620133216
1,1,0.9999999607402135
1,1,0.9997313974961028
0,0,0.06334575725655547
0,0,0.04951571350636617
0,1,0.5972096055606642
1,1,0.9999999254404188
1,1,0.9997372412314617
0,0,0.0629155425310255
0,0,0.06832006419916498
1,1,0.907547960688433
1,1,0.9999162412751037
0,0,0.14681311684530957
1,0,0.038150443893224154
0,1,0.8207952583904456
1,0,0.3165425442430218
0,0,0.0803614634549427
1,1,0.9981419425187793
1,1,0.9994002874583096
1,0,0.12679060828953811
1,1,0.9999917395282084
1,1,0.9995770235074688
0,0,0.00014257479753548882
0,0,0.025392222241267772
0,1,0.9136116895589099
1,1,0.9981334888235701
1,1,0.9999726881296438
0,0,0.1641803487743923
1,1,0.9903851779079896
0,0,0.03656605874003057
1,1,0.9996704647657984
0,0,0.19020837370036126
1,1,0.9960111430783252
1,1,0.9975196680281467
1,1,0.99962522934588
1,0,0.39990705802843945
0,0,0.23699300600144677
1,1,0.9996366145879214
1,1,0.5074761043166274
0,0,0.0015247176103520333
0,0,0.2398773079761451
1,1,0.9999839264736381
0,0,0.02166966158947277
0,0,0.0006835402293478056
0,0,0.009900981707159277
1,1,0.9998722068771531
1,1,0.9999999992633888
1,1,0.9990860535860336
1,1,0.9999254367883779
1,1,0.9996629202483981
1,1,0.9918557616402072
0,0,0.1798795215426449
0,0,0.010219957102190973
0,1,0.5098156597139731
1,1,0.9999986145938609
1,1,0.9992603525162715
0,0,0.05845510135900277
1,1,0.9999988142072501
0,0,0.11634894651563318
0,0,0.12071821643807419
1,1,0.9999996171430017
1,1,0.9960397388861763
0,0,5.420833322850476e-06
1,0,0.02874448053034764
1,1,0.5660410580718117
1,0,0.4154843712217354
1,1,0.9992839247248009
1,1,0.9995836381668435
0,1,0.5362137429940399
1,1,0.9984612523080104
0,0,0.012681599437530819
0,0,0.013969411411764289
0,0,0.04375012239615705
1,1,0.9999994098652908
0,0,0.019408118625321803
1,1,0.9988248500705267
1,1,0.9857713137765106
1,1,0.9999251721381632
1,1,0.9999939690759696
1,1,0.9998199342404884
1,1,0.9996867558461665
1,0,0.022026315263722902
1,1,0.9999396496214626
0,0,0.0001550723488525128
0,0,0.018780950625296142
0,0,0.044454905860506995
1,1,0.9999438132241801
1,1,0.9999994182339166
1,0,0.2866739286982725
1,1,0.9997555513591839
0,1,0.6093029128876977
1,1,0.9998966229615962
0,0,0.0030613301094992817
0,0,0.0005289952386706324
1,1,0.998928489546311
1,1,0.9787819754175782
1,0,0.2799339971819207
0,0,0.0005066657425611796
0,0,0.008302545765730841
0,0,0.0014714328431768102
1,1,0.9993477475055061
1,1,0.9998190468256317
0,0,0.37526437415733954
0,1,0.8002075317743776
0,0,0.06499206579390271
1,1,0.9999999938555468
1,1,0.8451607740242157
0,0,0.00013884068184540297
1,1,0.996727646034779
1,1,0.9889280319910362
0,0,0.055621250838292585
1,1,0.9999793533839939
0,0,0.10551028989104297
0,1,0.7399352381468498
1,1,0.9999999418654806
0,0,8.062654082054211e-05
0,0,0.0010372142986125948
1,1,0.9999173220091355
1,1,0.8798178179667023
0,0,0.017367618122746228
0,0,0.23829576531658628
0,0,0.42960587899102803
1,1,0.9999637785548402
0,0,0.3781271478815564
0,0,0.4422763964940143
0,1,0.5199857698661461
1,0,0.17208610208520944
0,0,0.0005560927091928945
0,0,0.0071359936722874065
1,1,0.9999999913342984
1,1,0.9997352522083728
1,1,0.9978506989542656
0,0,3.140855830616825e-05
1,0,0.011244410445974786
1,1,0.9998523452961497
1,1,0.9994762726557742
0,0,0.23423866405975097
0,0,0.01760461286215419
1,1,0.9993848382341405
1,0,0.0748449483328168
0,0,0.00013364086044436054
1,1,0.9999999238237882
0,0,0.0032311345780072285
1,1,0.9989582935936614
0,1,0.7012453649436671
1,1,0.9999972577445224
1,1,0.9990273156652785
1,1,0.9999464989926807
1,1,0.5736878483687943
0,1,0.7336907306178162
0,1,0.6071187421356941
1,1,0.9985487426028491
1,1,0.9993926309427065
0,0,8.707096167884752e-05
1,1,0.9999385735435573
0,0,0.019061043151418555
1,1,0.999532050624593
0,0,0.0007583493786251823
0,0,0.00048149281465643056
0,0,0.4070892043696139
0,1,0.567586956023183
1,1,0.9993586104623318
1,1,0.9988234867470948
0,0,0.015921629564076646
1,1,0.9929309148669273
1,1,0.9990199951397277
1,1,0.99999367091418
1,1,0.9710177818836597
1,1,0.9868929101844094
1,1,0.9960591595774674
0,0,0.001190222675501187
0,0,0.07929480998072945
1,1,0.9999999876685911
1,1,0.9993028813000512
1,1,0.9998651584460424
0,0,0.03364061342668829
1,1,0.9999991969260732
1,1,0.9999239387044989
0,0,0.00034866593830026925
0,0,0.04202112382490853
0,1,0.6873388048939924
0,0,0.0726719176495276
1,1,0.9945825616796194
1,0,0.05575976397225052
1,1,0.6083319397560022
1,1,0.9999812015042294
1,1,0.9999847351702985
0,0,0.016930346993667068
1,1,0.9954137366874373
1,1,0.9999866928421606
1,0,0.18722465371446229
0,0,0.15926550701667808
1,1,0.9999149223143826
0,1,0.716489199880843
0,0,0.011664622490580473
0,0,0.004417126336283262
0,0,0.0036481818462863417
0,0,0.05273409735101493
0,0,0.011961994304540735
1,1,0.9979806890469799
0,0,0.004668818596297181
0,0,0.009816434695374283
0,0,0.0006050414169373318
0,0,0.02097387883575315
0,0,0.22077839662010879
0,0,0.021691456663240894
0,0,0.040237811820370416
1,1,0.9986581871257209
0,0,0.008515760141552482
0,0,0.0010776242199838576
0,0,4.609524793240976e-05
1,1,0.6959078960190128
0,0,0.022112380120100503
1,1,0.9951395829640296
1,1,0.99922063551748
1,1,0.5452474465606293
1,1,0.999999844135221
0,0,0.0002861466024545924
0,1,0.5170026687310292
0,0,0.19953478475884687
0,0,0.07479218126279905
0,0,0.0325828282014136
0,0,0.003371222189731706
0,1,0.8676467015573085
1,1,0.9999373938029764
1,1,0.9153785123087833
0,0,0.01969945494042496
1,1,0.9999999425918649
0,0,0.040230174736382636
1,0,0.01246235064092191
0,0,0.282382671148508
1,0,0.1455886332867495
0,0,0.42847708670685763
1,1,0.9968437607548194
0,0,0.002847051167131684
1,1,0.999810257907039
0,0,0.03136957615921506
0,1,0.7497828336447282
1,0,0.05822597877142297
1,1,0.9946553635771228
1,1,0.9997720400072374
1,0,0.09813050050972055
1,1,0.9999242372975515
1,1,0.88529327904819
0,0,0.00018290212812462143
0,0,0.4380910571833107
0,0,7.992751128430692e-05
1,1,0.9999921278190425
0,0,0.20967358388428556
1,1,0.8803884477688211
1,0,0.11680210704984917
0,0,0.12104579552339169
0,0,0.010805666743610316
1,0,0.06837464784804553
0,1,0.7703784790491186
0,1,0.9936529896850061
0,1,0.5566413524200631
0,0,0.0016506402061397215
1,1,0.9974476782319593
0,0,0.07548084217285979
0,0,0.036820657519745406
1,1,0.999696843236642
1,1,0.9997545852106277
1,1,0.9997740963520377
1,1,0.9996028504017496
0,0,0.17527910979044756
0,0,0.05673713243680904
1,1,0.9936401967790169
1,1,0.9999882877285253
1,1,0.9961540371918902
1,1,0.9993790801337389
1,0,0.18412286080182916
0,0,0.14654361012119418
1,1,0.9999835489362212
0,0,0.21528555482593825
1,0,0.030826556102852887
1,0,0.009097099898266868
0,0,0.11653917625046091
1,0,0.03249342502486614
0,0,0.004833960924266502
0,0,2.5848471487513617e-05
1,1,0.6264013231971198
0,0,0.11818531323466952
1,0,0.07517074880899588
0,0,0.0003022059277299369
0,1,0.8094574338341951
0,0,0.10899903894224955
1,1,0.5975611470120782
1,1,0.9996978076473231
0,0,0.4393200227310211
1,0,0.3672649007234174
1,1,0.995991720615617
0,0,0.13424420408594387
1,1,0.9963446461371731
0,0,0.0012070733828152694
1,1,0.9999811500633992
0,0,0.052045297619226716
0,0,0.006411612843183847
0,0,0.005253429620703444
0,0,0.0013106481349555883
0,0,0.033031685037738776
1,1,0.9999804301030601
1,1,0.9995511672285037
1,1,0.9999999154155093
1,1,0.6975887021752358
0,0,0.007091722205915986
1,1,0.9999203569378627
1,1,0.9995650373042391
0,0,6.578598695665778e-05
1,0,0.2429265826188849
0,0,0.005322797638629212
0,0,0.0014509509333707163
0,0,0.062083987229177975
1,1,0.9999999940588149
1,0,0.2577927992268874
0,0,0.000785598775081467
1,1,0.9999830899645501
1,1,0.9998676047713387
0,0,0.0014514892838740575
0,0,0.044416687981074315
0,1,0.6240169507085855
1,1,0.9999999544373549
0,0,0.02117965690254689
1,1,0.9889100742923219
1,1,0.9998974145999114
0,0,0.0017776683731106553
1,1,0.9999999279397876
1,0,0.24675974336866618
1,1,0.9999935244435705
1,0,0.005683827601252773
0,0,0.0027556151045135917
0,0,0.006080434982022985
1,1,0.9904545635449238
1,1,0.998954458904518
0,0,0.002495467050550419
1,1,0.998615507059736
0,0,0.16523478440177033
0,0,0.24986864343479542
0,0,0.2814323915609034
0,0,0.023434652453696365
1,1,0.9984501668547742
0,0,0.0066934243611193435
1,1,0.9788130137491821
1,1,0.9998742050197218
1,1,0.9999970375031805
0,0,0.0006116703216975093
1,1,0.9998847489294374
1,1,0.9987907041772996
1,1,0.9999403549782779
0,0,0.0002726294983273766
1,1,0.9998787086880898
1,0,0.017719387431550184
0,0,0.021105444753174784
0,0,0.00015130885542477491
1,1,0.9966048538827664
1,1,0.9999998260141699
1,1,0.9995085353438901
0,0,0.003122757946171368
0,0,0.16295566435481615
0,0,0.052170951808570204
1,1,0.9966939846039662
0,0,0.0003144189664314605
1,1,0.9999993664406449
0,0,0.01707670469137417
1,1,0.8003535092260656
0,0,0.143544882335019
1,1,0.999999705756814
1,0,0.4761265969505308
1,1,0.9999780635640392
0,1,0.6082218539013053
0,0,0.0037354471603299887
1,1,0.9994286472827992
0,0,0.05286518990785253
1,1,0.9999749631527135
0,0,0.21472924682508213
1,0,0.43594249167790466
1,0,0.43151554940220693
0,0,0.01898440986524869
0,0,0.01995000292001549
0,0,0.010858724148033932
0,0,0.11280454610506481
1,0,0.1478854257826077
0,0,0.2493491441723888
1,0,0.17360656187097853
0,0,0.0279036716212162
1,1,0.999848058624343
1,1,0.770322072168146
1,1,0.9996765266228
1,1,0.9999406197450488
1,1,0.9998616157627112
1,1,0.9998768798070732
1,1,0.9990953566688016
0,0,0.0016853151926371072
1,1,0.9994091191950402
1,1,0.9999996531369615
1,1,0.9999755864617867
0,0,0.002773684525940391
1,0,0.05006906707372198
1,0,0.08098476541130119
1,0,0.3192577917266308
0,0,0.00294329594833617
0,0,0.009940675032155207
0,0,0.028417970352432525
1,1,0.805859494879933
1,1,0.9999980961698353
1,0,0.3016866995901209
0,0,0.00011527377117272555
0,0,0.011327434549042814
1,1,0.9999849123784527
0,0,0.000637621475818852
0,0,0.4508949232089821
1,1,0.9999202585850643
0,0,0.02559701381661828
0,0,0.0006339319669038521
0,0,0.06125029699868325
0,1,0.8032572840982208
1,1,0.9966039147969135
1,1,0.9998818730190029
1,1,0.9999958824204963
1,1,0.9997088837353157
1,1,0.999999990570403
1,1,0.9999792250835442
1,0,0.37203111905371916
1,1,0.9888451395823808
0,0,0.004374185037022468
0,1,0.5502167182454507
1,1,0.6184019374994633
0,0,0.43135190888233627
0,1,0.9571091135797953
1,0,0.02300356626063222
0,0,0.08595557933271625
1,1,0.9999999191781453
0,0,0.00021968161725449738
1,1,0.9999999305384865
1,1,0.9999867453493447
0,0,0.2680070224096464
0,0,0.015018635833437073
1,1,0.9999396260377467
0,0,0.19654089766112012
0,0,0.01059918537497013
0,0,0.29179271191601086
0,0,0.05238249604826725
1,1,0.9997956846713361
1,1,0.9997283338257261
0,0,0.025049638173689704
0,0,0.10195086462286193
1,1,0.9989194082529234
0,0,0.0077937766122682045
1,1,0.9994044113133917
0,0,0.0081727485594924
1,1,0.5586125902661865
0,0,0.0004444852864634463
1,1,0.9999885017680337
0,0,0.05036718478440174
1,1,0.9997428880754153
1,1,0.998316158977387
1,0,0.19129566832517317
1,1,0.9998487282310315
1,1,0.9971225582605598
1,1,0.9999847347560221
1,1,0.9962531398287429
0,0,0.07835328655602916
0,1,0.5844357847501181
0,0,0.0063805441239388125
0,0,0.03864507583799404
1,1,0.9999041894816298
1,1,0.9975844603451355
0,0,0.0007014459352531609
1,1,0.9996866205088952
1,1,0.999787179443757
1,1,0.9988850655664457
1,1,0.9998800256391404
1,1,0.9962791982233392
0,0,0.004421322814916857
1,1,0.9999999978396976
1,1,0.9999845436505801
0,0,0.008376486187445312
0,0,0.03310395779040918
1,1,0.9558402788729135
0,1,0.64263396558277
0,0,0.04504751347230284
1,1,0.9999999208476518
1,1,0.9984191904097393
1,1,0.984675441262746
0,0,0.03680330355980938
1,1,0.9988190629864803
0,0,0.012389977969649411
0,0,0.33016148206509593
1,1,0.9823520863207379
0,0,0.0778019311224052
0,0,4.1298884628287686e-05
0,0,0.11802096232871924
1,1,0.9995426538886418
0,0,0.23878168384175327
1,0,0.1965804649740081
0,0,0.0058542205754344165
1,1,0.9999943965208629
1,1,0.9994701748976812
0,0,0.06114979219483332
0,0,0.0023683542411910823
1,0,0.005565906913342107
0,0,0.021106316638540124
0,0,0.007620928247438177
1,0,0.3887345763683196
0,0,0.06253098931922908
0,0,0.003739162131489944
1,1,0.9958399364702926
0,0,0.2440257545094361
0,0,0.002489616788934844
0,0,0.03238538377174564
0,1,0.5167148124630773
0,0,0.002577701409933959
1,1,0.9999848357121408
0,1,0.9387980631347018
1,1,0.9951472893079888
0,0,0.08695219005118893
0,0,0.03673135500327958
1,1,0.9999998664266844
1,1,0.9986081048405987
1,1,0.9980841614403655
1,1,0.9998900542473534
0,0,0.11002024991906424
1,1,0.9999229971655273
1,1,0.9998567880807404
0,0,0.02555510618113717
0,0,0.0553195818888654
1,1,0.9999985153739198
1,1,0.9999299909403645
0,0,0.00013100847263169117
1,1,0.9999387175752095
0,0,0.006704470841158251
0,1,0.8461798001339794
0,0,0.17434542810141654
0,0,0.042307616948286254
0,0,0.2785331797603369
1,1,0.997331672776147
0,0,0.0018130214285868803
0,0,0.0020921254310920733
0,0,0.0012943487852019463
0,0,0.11279978255836562
1,1,0.9999999983351151
0,0,0.0333491029573112
1,1,0.5112182542516496
0,0,0.00016880848895403912
1,1,0.999960115347472
0,1,0.9766412195422037
0,0,0.0077150328388005405
0,0,0.00018390726260194206
1,0,0.20914740700536344
1,1,0.9999365590055606
1,1,0.9998296785270354
1,0,0.040043465521364875
1,1,0.9992286608160266
1,0,0.10694820372714739
1,1,0.9968920234408684
1,0,0.011543779028054108
1,1,0.9990654960090725
0,0,2.0756163175611002e-05
1,1,0.9900150419226615
1,0,0.3917685703337883
0,0,0.11522233814061711
0,0,0.13889549939532603
1,1,0.8611217033409924
1,1,0.9889772028964892
0,0,0.0031587950004302793
1,1,0.9999963195090582
1,1,0.9984381332459518
1,0,0.14002431820934474
1,1,0.9998859153873534
0,0,0.00022617076414269697
0,0,0.010769482196964617
0,0,0.0016743546826992713
0,0,0.08371678251122147
0,0,0.42260719302839156
1,1,0.999693939230416
0,0,0.0006966408120102095
0,0,0.015130018149989091
1,1,0.9999170711218497
0,0,0.06410017966566536
1,1,0.9997984261717509
0,0,0.017577043824453166
1,1,0.9999999378388275
1,1,0.9999999997733326
0,1,0.6466065336925638
0,0,0.27267759477028214
1,1,0.9992687058801469
0,0,0.017072955574669122
1,1,0.9917024709145671
1,1,0.9999999997280316
0,0,0.004320044210912117
1,1,0.9999146319444672
0,0,0.004058360483835049
0,0,0.12378929650593277
1,1,0.817834916222625
1,0,0.2438641844105313
0,0,0.009883768633900513
0,0,0.04227985591274201
1,1,0.9999897904119336
1,1,0.9146054281200441
1,1,0.9992897297654608
0,0,0.022025983794879925
0,0,0.19631798147860796
0,0,0.006708533756667452
1,0,0.0848564234261204
1,1,0.9997984264402753
1,1,0.9999999997954649
0,0,0.0003273257346408857
1,1,0.9964754925073143
0,0,0.024200424382150653
1,0,0.43651233777448756
0,0,0.00036491735106896066
1,1,0.9999344154133978
1,1,0.9994235034681898
1,1,0.999859823492793
1,1,0.9974006866977517
1,0,0.38797056654784484
0,0,0.23752404031513438
1,1,0.9998318877076565
0,0,0.0006236401403351727
1,0,0.013483409959540367
0,0,0.07306495362728958
0,0,0.036377335294765924
0,0,0.010043002535172884
0,0,0.12465457656062894
0,0,0.03232797223938718
0,0,0.026901452681546017
0,0,0.0030251122415565286
0,0,0.0031743448526574277
0,0,2.2429337989028707e-05
0,0,0.01886564367370019
0,0,0.2775492876771831
1,1,0.999999999995635
1,0,0.15462275439722772
1,1,0.9999979625980767
0,0,0.012698898219933249
0,0,0.0016262340852782461
1,1,0.9999394577405097
0,0,0.008015068057863981
1,1,0.9998301907674803
0,0,0.0007532542178159296
0,0,0.012556810935853592
0,0,0.018228972490451117
0,0,0.001991207770382599
1,1,0.9999999762723023
0,0,0.17995245542586796
1,1,0.9999999419322785
1,1,0.9997841797449095
1,0,0.2707997161074106
0,0,0.06574445671391281
0,0,0.00030364487154199357
0,0,0.13615119740030113
1,0,0.2534360411027856
1,0,0.00010836223712838946
1,1,0.998681570116654
1,1,0.9999436140637561
1,0,0.06637178565997384
0,0,0.008780872584895731
0,0,0.025283280410708583
1,1,0.6087082296699959
1,1,0.9999284278098654
1,1,0.9998102996944719
0,0,0.09776937007398141
1,1,0.9997003822104762
0,0,0.01261215735792583
1,1,0.9999999999055815
0,0,0.021082049125446235
1,1,0.9999914837860867
1,0,0.13432641832032052
1,1,0.999999600984566
0,0,0.013983599575507741
1,1,0.9999674339741466
1,1,0.9997854592069477
0,0,0.09128689960191858
1,0,0.01976062598300783
0,0,0.31957582834893855
0,0,0.021705466529435502
0,0,0.10915998567353312
0,0,0.00010966999031916414
1,1,0.9988355548885086
1,1,0.9995113231890554
1,0,0.3612386094819446
1,1,0.9999939740533144
1,1,0.999458685402293
0,0,0.20763322343617013
1,1,0.998582006514718
0,0,0.47031409434067944
0,0,0.0003477050519006503
1,1,0.9987831788229745
0,0,0.056491203582944925
0,0,0.007429150523023436
1,0,0.3331203814187689
1,1,0.9991734075842844
0,0,0.06243268977835569
0,0,0.05794636095405514
1,1,0.9999962374626933
1,1,0.8944012626600717
0,0,0.01688587372621508
1,1,0.9996964798810055
0,0,0.002113552050442718
0,0,0.15914228837166972
1,1,0.7879982803054358
0,0,9.913935133143347e-05
0,0,0.17357228389065124
1,0,0.11251701263964022
0,0,0.000115742015297601
0,0,5.2994722415532723e-05
1,1,0.9997802295203614
1,1,0.9997249888963611
0,0,0.0038678618085573866
1,1,0.9999992928830603
1,1,0.9982813696680032
0,0,0.0004798469514083765
0,0,0.12822972488735743
1,1,0.9998891623376288
1,1,0.9999989996548063
1,0,0.1641577197828271
0,0,0.15338084571867294
1,1,0.9994213915473178
1,1,0.9999998923690552
1,0,0.2430211488746433
0,0,0.0006068694631405143
1,1,0.9999652338173318
0,0,0.13169964710947937
1,1,0.9993828610624925
1,1,0.9999949685865782
1,1,0.9995191679294909
0,0,0.015713037415144435
1,1,0.9999338666809602
0,0,0.12333940385887399
1,1,0.8178532380246264
1,1,0.9996827813325934
0,0,0.03061459853616733
1,1,0.9990651974478545
0,0,0.003552076444136545
0,0,0.22461045482955985
1,1,0.9999060389164847
1,1,0.9999623104416788
1,1,0.9999998605463586
1,1,0.9999766217473496
1,0,0.04038743869784346
0,0,0.00025464628626438684
0,0,0.0003765175763256163
0,0,0.15847696048915225
1,1,0.9840290230865747
1,1,0.9997159002553156
1,1,0.9999999824950622
0,0,0.030831394723475184
1,1,0.9975023643617725
0,0,0.0003206575882059044
0,0,0.0029860713359729047
0,0,0.002465224744988465
0,1,0.9980812211245098
0,0,0.008029517319395548
1,1,0.9976635985463714
1,1,0.9999872391497638
0,0,0.1555959066290282
0,0,0.0009764016051617733
0,0,0.04383024902782524
0,0,0.4971384742414273
0,0,0.14014310241203873
1,1,0.9999655205227794
1,1,0.9992141390370415
1,0,0.030810954553152643
1,1,0.8840091905186744
0,1,0.5412412531834775
0,0,0.00015069815000985103
1,1,0.9997821375728634
1,1,0.9998405756611854
0,0,0.03780902370876683
0,0,0.011715912970297459
0,0,0.29958066665672295
1,0,0.09400956748633132
1,1,0.9999996598911884
1,1,0.9993808124794712
1,1,0.9921320558077601
0,0,0.0008126509169773297
0,0,0.10752792829160779
0,0,0.04862694525812094
1,1,0.9988877823255128
0,0,0.10986830086510707
0,0,0.046701869413144394
0,0,0.10988467229596513
0,0,0.013104287512347604
0,0,0.011682283443164996
1,1,0.9977380167499852
0,0,0.004711801139281205
1,1,0.9995846105141268
0,1,0.9578608918677579
1,1,0.996196369554722
0,0,0.028775212558946793
0,0,0.1328634182367678
1,1,0.9995656401999871
1,1,0.9999554176551603
1,1,0.9997190106363892
1,1,0.9997385272209758
0,0,3.121247525947072e-05
1,1,0.9961021264437192
1,1,0.5559022919062739
1,1,0.9998499950271396
0,0,0.00045771852031484673
0,0,0.017621056927533046
0,0,0.005107395862659677
1,1,0.9999983655477263
1,1,0.9997420418616887
1,0,0.07231903503201155
0,0,0.01942659006545279
0,0,0.07544441408953438
0,0,0.06565023568494643
0,0,0.05091765882144265
1,1,0.9999997452087094
1,1,0.9998252969083974
1,1,0.8008830367130495
1,1,0.999805184435099
0,0,2.3451391061551324e-06
1,1,0.9999725185508259
0,0,6.773556860714492e-05
0,0,0.0036787441935638484
1,0,0.3060445538528997
1,1,0.9999978955347547
1,1,0.9997667773613149
0,0,0.0007846293134939532
1,1,0.999999774648532
1,1,0.9999917929661587
1,1,0.8977643935303863
0,0,0.00045747250345690664
1,1,0.9994660760873613
1,0,0.3672189532913877
0,0,0.003140959061356381
1,1,0.999937842101009
1,1,0.9967983488503769
1,1,0.9999999663695138
1,1,0.9999861378770935
0,0,0.37888595690076493
0,0,0.27731688271117155
0,0,0.003085455151661426
1,1,0.9987866657932146
0,0,0.08567576322241072
0,1,0.6248085131312742
1,1,0.9994294493981446
0,0,0.27533693829398265
0,0,0.13268056153683175
1,1,0.999999125505427
0,0,0.0004900117245070088
1,0,0.07202948781457391
0,0,0.0009356068666692703
1,1,0.9761015833361598
1,1,0.998427117959957
1,1,0.8932695492271845
0,0,0.000994523254517863
1,1,0.9999983344319131
0,0,0.10775665294561011
0,0,0.16481912096723325
0,0,0.30442445491679543
1,0,0.2652745625285952
0,0,0.059680068272135116
1,1,0.9972975148636483
0,0,0.0008110643329364074
1,1,0.5921182729448816
0,0,0.006661098387233532
1,1,0.5957820503465006
0,0,0.017933645837176534
0,0,0.035615641723484776
1,1,0.9999979786729999
1,1,0.9994652822276245
1,1,0.999574962904247
1,1,0.998615493602987
1,1,0.9992021610011009
1,1,0.9999321139082492
0,1,0.5463748159875981
0,1,0.6158015366305771
0,0,0.01299940875782853
1,1,0.9997620732185278
1,1,0.9996002850388191
1,1,0.9992845039908789
1,1,0.9998857589175442
1,0,0.03801541405385775
0,0,0.009713792119299356
0,1,0.6799386685800264
1,1,0.9999988073338755
0,0,0.011197382587139154
0,0,0.0007357073504087099
0,0,0.10376165968778286
1,1,0.9992037316291876
1,1,0.9998660240278668
1,1,0.9936467410153675
0,0,0.04036664788138367
1,1,0.9999832440566017
1,1,0.9993846830520943
0,0,1.6071850330577275e-06
1,1,0.9982012991917727
0,0,0.012341406359387888
0,0,0.008029346742445886
0,0,1.581754826309163e-05
0,0,0.00029325926954538463
1,1,0.9999999311678559
1,0,0.15544340518227298
0,0,3.905023487384102e-05
0,0,0.19029282086107513
0,0,0.10920473140318415
1,1,0.9995224556288377
0,0,0.010580636550676918
1,1,0.9977096695328713
0,0,0.0019908746401157197
0,0,0.005019712402771382
1,1,0.6003410429875329
0,0,0.004124911835485009
1,0,0.0751952622625417
0,1,0.5028521553376541
1,1,0.9991315951918565
0,0,0.009515812347999421
0,0,0.017842044967135148
0,0,0.00018995154374589732
0,0,4.263479741619339e-07
0,0,0.3957326180907181
1,1,0.9885189392713918
1,0,0.28875786119638575
0,0,0.002864512681108243
1,1,0.9999998030362814
1,1,0.9999991547353985
0,0,0.35789977358425745
1,1,0.9999137984255254
1,1,0.9999997126375866
1,0,0.0071778429721732545
1,1,0.9913310352944568
1,1,0.9996694737485403
0,0,0.0033160700507889403
0,0,0.15289840560631066
0,0,0.024175764308319386
1,0,0.4616846606371399
0,0,0.0002697063193016322
1,1,0.9999771285885865
0,0,0.2528396945692261
0,1,0.5247108687993631
0,0,0.006071893115703403
1,0,0.12023892647577791
0,1,0.7745615003475921
1,0,0.03711075020101157
1,0,0.27286590041112924
1,1,0.7174948399458143
0,1,0.8437011231809651
1,1,0.9998764571178421
1,1,0.8638803564630115
1,1,0.9998238791985155
1,1,0.9994785975454304
0,0,0.42609880807749323
1,1,0.9999320116990646
0,0,0.0038981120358907366
1,1,0.9999875768021581
1,0,0.26669412542533333
0,0,5.235717719586429e-05
0,0,3.7845154202414964e-05
1,0,0.051425406151668664
1,1,0.9993551061615991
0,0,0.06898580123224918
0,0,0.2303720425662585
0,0,0.3426806445895467
0,0,0.22075415109936242
0,0,0.009815107054281097
0,0,0.4843683036819889
0,0,0.010401924135730382
1,1,0.9999996262950572
0,0,0.0014828968779489245
0,0,0.00046293308032015575
1,1,0.9999999774265923
0,0,0.20061946003946549
1,1,0.9966526945576638
0,0,0.4054206903288983
0,1,0.9587745169916021
1,1,0.9944700955956993
0,0,0.14958645593743727
1,1,0.9847999961153012
1,1,0.9998649259231799
1,1,0.999963653934077
1,1,0.9999999987370136
1,1,0.9997968882550761
0,0,0.019062833913565155
0,0,0.00921374173398911
1,1,0.9923537198272978
0,0,0.154145935855715
1,1,0.8663551171243377
1,0,0.48406213533567144
0,0,0.019509278393403755
1,1,0.9999999627800711
0,0,0.016719815824525527
0,0,0.06431964116343176
0,1,0.7148023218140139
1,1,0.9980637321267701
0,0,0.015209345618542335
0,0,0.0376163403861528
1,1,0.9999998993859375
0,0,5.1291497833650725e-06
1,1,0.9992369431730962
1,0,0.3686204590933955
1,0,0.050718360225202465
0,0,0.008100414821175003
1,1,0.9999092156461006
0,1,0.8371504890137855
1,1,0.9999572880231697
0,0,0.4913655881115668
1,1,0.9932534264872813
1,1,0.9999940113434662
1,1,0.9993397843676622
1,1,0.9996446537694014
0,0,0.061642738107068114
1,1,0.9999999972325371
1,1,0.9998800689717412
1,0,0.02506779882620114
0,0,4.986412023471909e-05
0,0,0.00029813862306959216
1,0,0.19636533563109387
0,0,0.32735971964561456
0,0,0.03778889682558889
0,0,0.0031825977135103204
1,1,0.9994931736040177
0,0,0.000600243159610645
1,1,0.9999994474246467
1,1,0.9991889206542214
0,0,0.01056876921250313
0,0,0.00030332279378110456
0,0,0.06349254963303948
0,0,9.506082046241172e-05
1,0,0.1863283601743499
1,1,0.9999673057399829
0,0,0.00955714895782827
0,1,0.8186732960708322
0,0,0.03042379544070451
0,0,0.0010559387834239847
1,0,0.01679699351557489
0,0,0.00016134687745806311
0,0,0.35797443932467304
0,0,0.10806445600978129
1,1,0.9999700673737494
0,0,0.04975621846539306
0,0,0.002672143864263414
0,0,0.014764182727833213
1,1,0.9461668093085815
0,0,0.0051041529984667995
1,1,0.7724490680227375
1,1,0.9999999676534349
1,1,0.9999984588202038
0,1,0.5294828009833757
0,0,0.019272210218761104
1,0,0.33273261817582583
1,1,0.982863198414722
1,1,0.5683763978742798
1,1,0.999978215405244
1,1,0.9998197918397979
1,1,0.9952405961723051
0,0,0.03913383259297782
1,1,0.9963369410633623
0,0,0.0007202368797728042
0,0,0.027071039389031586
1,1,0.9998791217561661
1,1,0.5312066822964824
1,1,0.9999989477314736
0,0,0.1652376321246282
1,1,0.9995903478875167
0,0,0.418435150131826
1,1,0.9998488694335708
1,1,0.9999979565543425
0,0,0.005314966189117047
1,1,0.9994881195529478
0,0,0.26919088819588205
1,1,0.9998085271377725
1,0,0.22352147493532196
1,1,0.9999433020066898
0,0,2.36165495102722e-05
0,0,0.0038720051008464566
0,0,0.06176888998965003
0,0,0.002601019249760788
0,0,0.1660038290936501
1,1,0.9997372041274388
1,0,0.01809674648920473
1,1,0.6962937182654628
1,1,0.9999314913797487
0,0,0.005692855894948837
0,0,0.00018764935454407383
0,0,0.002112730096694063
1,0,0.23586449557214847
0,0,0.007022344338251019
1,1,0.9999094854533067
1,1,0.9961508820815539
0,0,0.0034468652040608875
0,0,0.00020439053362710942
1,1,0.998803052190395
1,1,0.9999743889730037
1,1,0.9999999125647
1,1,0.9999832949840496
0,0,4.549603398051678e-06
0,0,0.0017350253506955289
1,1,0.9999999629602616
0,0,0.0026020736533075685
1,1,0.9999265664001799
0,0,0.005351847535342724
0,0,0.0173874434978337
0,0,6.124573127142059e-05
1,1,0.9998447753067243
0,0,0.020436239371768916
1,1,0.9866747740052658
0,0,0.2131489828299567
0,0,0.00043225000010338927
1,1,0.9999975648495623
1,1,0.9996935195880418
0,0,4.0188617195606514e-05
0,0,0.021324509345977325
0,0,0.013732514223714833
0,0,0.030547589387995285
0,0,0.09665963974892493
0,0,2.966132757981008e-05
1,0,0.05107949828916239
0,0,7.856615882116218e-06
0,0,0.0005833637747819715
0,0,0.08993672734037463
0,0,0.3923843524049492
0,0,0.030747632653450208
0,0,0.0014433907867808678
0,0,0.07165848673600507
0,0,0.009791872605326534
1,1,0.9998876317144505
0,0,0.06072425891393378
0,0,0.0011008726100767577
1,1,0.8858282987806693
0,0,0.3693418393108352
0,0,0.02192807295853777
0,0,0.0003403748730791586
1,1,0.9997970075409226
0,0,0.34164256939530513
0,0,0.0008441680251228898
1,1,0.9998257404435151
0,0,0.2167264670623788
1,1,0.915440393434726
1,0,0.07865818304646018
1,1,0.9999999972279205
0,0,0.005354864499603496
0,0,0.04354793503313342
1,1,0.999847478834011
0,0,0.001753681834322849
1,0,0.3973931695458172
0,0,0.015677750672384555
0,0,0.05452957800978876
0,0,0.012418152353029647
1,1,0.9987263573310585
1,1,0.791781691802999
0,0,0.19149476723474795
0,0,0.2788018014700655
1,1,0.9994541378784763
0,0,0.00010994666795736206
1,1,0.9999829222841512
0,0,0.00044436754087493185
1,0,0.4572977289005175
1,1,0.9999478954487222
0,0,0.06810554628329339
0,0,0.014817969691086813
0,0,0.015130327054374258
1,1,0.9998631704163851
1,1,0.9996814289049404
1,0,0.012932230151934853
0,0,0.19000953826522965
0,0,0.4936496206878083
0,0,0.014898904070486751
0,0,0.0032178312139131866
0,0,0.03612268506222174
0,0,0.0032572092722191514
1,1,0.9999856122538577
1,1,0.9999660939761623
1,1,0.9975475390148832
1,1,0.9983318469465361
1,1,0.9957975317412652
1,1,0.9999997702978584
1,0,0.012621049118268909
1,1,0.9999976577435247
0,0,0.0003652028628137044
1,1,0.9999483950712831
1,1,0.9999880378727175
0,0,0.010298466989483333
1,1,0.9947630921076107
1,1,0.9992534903737144
1,1,0.9997674791025619
1,1,0.9999992568958525
1,1,0.607306028274001
1,1,0.9942395547501797
0,0,0.012254335171771559
1,0,0.2219741356863632
0,1,0.6234165396007869
1,1,0.9989881257211706
0,0,0.013964378269522888
1,1,0.9994785287573226
0,0,0.02616663813522282
1,1,0.9997414697594845
0,0,0.015668262349846442
0,1,0.566269144256253
1,1,0.7638549471635057
1,1,0.9894918450286052
1,0,0.22004494311708533
0,0,0.016374632321718773
0,0,8.25150421957923e-05
0,1,0.9108577036471425
0,0,0.026553490358585737
0,0,0.05613670729546285
0,0,0.01811780512683771
1,1,0.9996217075463714
1,1,0.9999999977801814
1,1,0.9999999691649005
0,0,0.1444562425529956
1,1,0.9999866235744467
0,0,0.0012001417293530728
1,1,0.9998693328235553
1,1,0.9936090365143971
1,1,0.9910580952475263
0,0,1.8616321170765417e-05
1,1,0.9999799095462842
1,0,0.023722904981227224
1,1,0.9999868051461547
0,0,0.004696098925903507
1,1,0.9999310123077969
0,0,0.05240128862923291
0,0,0.004010567580469904
0,0,0.2707116459642457
1,0,0.09546807063760382
0,0,3.122378712948162e-05
0,0,0.0027706468164332685
1,1,0.9751317825634985
0,0,0.044957067321259724
0,0,0.000561355035743043
0,0,0.021720918685592245
0,0,0.027132854011591236
0,0,0.4689044735253052
1,1,0.9999744249611747
1,1,0.9993468292307432
1,0,0.039861541760101
0,0,0.055286557612470276
0,0,0.21784451734587318
0,0,0.0018750421850963995
0,0,0.000746590486433717
1,1,0.9953242079994863
0,0,0.30898738268312237
0,0,0.0030584518403717884
1,1,0.6100780268617175
1,1,0.9961979031426941
1,1,0.9995444264846333
0,0,0.01107692655833127
0,0,0.010811731098741775
0,0,0.09643602036160959
1,1,0.9987044972048135
1,1,0.9992175124699438
1,1,0.9998778879625901
0,0,0.0035422294169106822
0,0,0.0001456294711995005
0,0,0.003375183084530554
1,1,0.9998381736936454
1,1,0.9999630196867625
0,0,0.31077849618317294
0,0,0.006139857847725414
0,0,0.029767856977583457
1,1,0.9961757858340474
0,0,0.0069902209476188255
0,1,0.63886420109767
0,0,0.002492871695309806
1,1,0.9978288851296842
1,0,0.09898914590863066
0,0,0.014373297040998288
0,1,0.8590695641542302
1,1,0.9998508111071286
0,0,0.0008081749068289911
0,0,3.0141413249555108e-05
1,1,0.9988142777024659
0,0,2.231625543427183e-06
0,0,0.0002251185815350995
1,1,0.9999993325523969
1,0,0.07602831860726066
1,1,0.9993313486881216
1,1,0.9127591292893649
1,1,0.9943575738633282
1,1,0.9960645807454634
1,1,0.9999999985417387
1,1,0.9996120388543545
0,0,0.018157944643311913
0,0,0.005225933898395001
1,1,0.9989709534501382
0,0,0.013146063816994662
0,0,0.033083426380671056
1,1,0.999961495881025
1,1,0.7817222435890299
0,0,0.0010359043233363935
0,0,0.03456715625931217
1,1,0.9999999810649415
0,1,0.5489108269160466
1,0,0.280439044513531
0,1,0.7483648437362781
0,0,3.943643483524291e-06
1,1,0.9968183993648345
1,1,0.9993115717239236
1,0,0.016685507909992386
0,0,0.062417616260942096
1,1,0.9999858643771418
0,0,0.002906410604337269
1,0,0.022258583853192578
1,1,0.9994874815734712
1,0,0.016565880594202196
1,1,0.9252639635530194
1,1,0.9999471249173866
0,0,0.06676361250022937
1,0,0.0433954097012134
0,0,0.2736889881944105
0,0,0.00012526958572785612
0,0,0.05305555809081496
1,1,0.9987392761641573
1,1,0.9999563407733484
1,1,0.9932901148234962
0,0,0.15539754491754745
0,0,0.04869744045752959
0,0,0.032982800403880484
1,1,0.9999708410296047
1,1,0.9994158896616419
1,1,0.9968725223500462
1,1,0.9963311531845754
0,0,0.43027534752722585
0,1,0.8911585041491681
1,0,0.3882732315038145
1,1,0.9999614335275364
0,0,0.031284477517240956
0,1,0.9497750064616695
0,0,2.2843138405894548e-07
0,0,0.12613456448978916
1,1,0.9950524983730702
1,1,0.9999108067850283
1,1,0.9999999151664624
0,0,0.007449384005893126
1,0,0.19577168435875264
1,1,0.8345010227485964
1,0,0.03065861949386812
0,0,0.0069985654752603545
0,0,0.016921657502290667
1,1,0.678001904276637
0,0,0.015280543525499153
1,0,0.2726469945336491
0,0,0.3208387813753803
1,1,0.9999035749173775
0,0,0.009016777112500717
0,0,0.10456013120360645
1,1,0.999911581712254
1,1,0.991552609110204
0,0,0.29183129895042553
1,1,0.999999977154754
0,0,0.03552324540909293
0,0,0.06367354810868354
0,0,0.09783457291663128
0,0,0.017250813592328818
0,0,0.0019242170533270004
0,0,0.004517015431632025
1,1,0.9999760640011471
1,1,0.9978175839101449
1,1,0.9957778986929072
1,1,0.9990599320498256
1,0,0.16922474606956592
1,0,0.1388733264974295
1,1,0.9999628243343882
0,0,0.03871506903451804
0,0,0.05242695796060337
0,0,0.3918892820695764
0,0,0.0005131851840192168
0,0,0.00035867634236900694
1,1,0.9997954988878999
0,0,0.009781640420814414
0,0,0.2015922222858914
1,1,0.9999437945680142
0,0,0.0033858169068349637
0,0,0.0512906380172169
1,0,0.19145565283741542
1,1,0.9999999290090461
1,1,0.9899106356749707
0,0,0.06202967401582397
0,0,0.008907549850095843
1,1,0.9982171932067955
0,0,0.08102563729093117
1,1,0.9999931554379307
1,1,0.9999504262285622
1,1,0.9993720909036621
1,1,0.6855149908562143
1,1,0.9999965563079586
0,1,0.7630748122069997
1,1,0.999977706791066
0,0,0.053140055584752266
1,1,0.9999999978468237
0,0,0.032814807354737616
0,0,2.9315924006354056e-06
1,1,0.9999988105434917
0,0,0.11723962092475443
0,1,0.772852757235691
1,1,0.9999999860923698
0,1,0.66068282246564
1,1,0.9997901834837268
1,1,0.9998480467688935
0,0,0.00025850267693432107
0,0,0.08491997344825937
0,0,0.0007139513188882608
0,0,4.8948525814550334e-05
1,1,0.9997643983944393
0,0,0.019547731341749894
1,1,0.9998715573458802
0,0,0.4123621183063358
1,1,0.9985161835276947
0,0,2.478654620252461e-06
1,1,0.9999640628081123
0,0,0.03548481335818313
0,0,0.012173215171274692
1,0,0.40252741101277595
1,1,0.9999976193369408
0,1,0.7698130400149377
0,0,0.025696245561741386
0,0,0.004458060132995352
1,0,0.17355566329741978
0,0,0.0035658332066835106
0,0,0.03766833045176731
0,0,0.0006730197029609409
0,0,0.03440775732683675
0,0,1.8277788510490309e-06
1,1,0.9999790082304524
1,1,0.9997740161026242
0,0,0.025942826212144943
0,0,0.003869644965342681
0,0,0.020505328173436577
0,0,0.0017292733153309204
1,0,0.4408980949598913
0,1,0.8993546240982737
1,1,0.9998177987812703
1,1,0.6850415855240698
0,0,3.442473297215689e-05
1,1,0.9971721742774551
1,1,0.9999889243964837
0,0,0.007772731203169559
1,0,0.0887723588728824
0,0,3.8096803533695502e-06
0,0,0.11402836872395447
0,0,0.007741714550617892
0,1,0.6125455098289244
1,0,0.009021703558170904
0,0,7.114166939685877e-05
0,0,0.01493159914984561
1,1,0.9999994818501126
1,1,0.9996081114444996
0,0,0.06196178201780724
0,0,0.384953665386673
1,1,0.547895072686503
1,0,0.0003962023543833339
0,0,0.06128027599206897
0,1,0.8556562207793983
1,1,0.9910593464320079
1,1,0.7830261648516122
0,0,0.03407677954428486
0,0,0.006406998692370617
0,0,0.19052218567047804
1,1,0.9999968609793339
0,0,1.4867906643562152e-05
0,0,0.05427285274106208
1,1,0.9999634751166177
1,1,0.9999999955494303
0,0,0.007049137643199907
1,1,0.5886394259876934
0,0,0.18532447793929566
1,1,0.9999985447833373
0,0,0.0009707921352740833
1,1,0.9986399594832703
0,0,0.0101548636007468
1,1,0.9999972891271441
0,0,0.006990356514782278
1,1,0.9869636712669826
0,0,0.16621586815744052
0,1,0.6467017700512745
0,0,0.0007056324392819201
1,1,0.894331968888363
0,0,0.46098165947904396
1,1,0.984430269597442
1,1,0.9999046769523864
0,0,0.000645991937844608
1,1,0.9998631805786784
0,0,0.24649026810208183
0,0,0.02612050354586259
0,0,0.01927765273073392
1,1,0.99629022782938
0,0,0.010172641387487425
0,0,0.001315002698682991
0,0,0.00021985453730476368
1,1,0.9994624801400304
1,1,0.999985508355597
0,1,0.58354421531275
1,1,0.9993867850989478
1,1,0.9990888429563117
1,1,0.896519050493792
0,0,0.05321645182950455
1,1,0.9999981404628902
0,0,0.031361664503522554
0,0,6.257299515141767e-05
1,1,0.999530508572145
1,1,0.9999999946528322
1,1,0.9994968127459526
0,0,0.0009817546651179753
1,0,0.052293140429800905
0,0,0.09496195021544891
1,1,0.9999444435697387
0,0,0.01214351692329319
0,0,0.012830606059864198
1,1,0.5813166634622107
0,0,0.04572739041000705
0,0,0.17391748369118665
1,1,0.9999999960919783
1,1,0.9999996069195793
1,1,0.999992972974193
0,0,0.10798348038976874
1,1,0.9988973852564875
1,1,0.9999965607363663
1,1,0.9993454663156652
1,1,0.5939274260698728
1,1,0.9951805319403613
1,1,0.9783849731808849
0,0,0.07710439487423061
1,1,0.9999972857950771
1,1,0.9999885848279034
1,1,0.9999775240068978
1,1,0.999714527986363
1,1,0.9998791888761518
1,1,0.9999992703786155
0,0,0.04390586199921404
0,0,0.0007195995953363182
0,0,0.019291113151092155
0,0,0.3649772199108841
0,0,0.010875378289846124
1,1,0.9999968842027949
1,1,0.639645829575887
1,1,0.9959351438997678
1,1,0.9995485199968652
1,1,0.9999352779462858
1,1,0.7735252920439429
0,0,0.061346388316280615
1,0,0.36929741477377254
0,0,0.06475982531657756
0,1,0.6959803604641808
1,1,0.9999955136897615
1,1,0.9999556591623299
0,0,0.03446710644870659
0,0,0.003511812291137465
1,0,0.25644503386563305
0,0,0.0012817114326092274
1,1,0.9999456570334642
0,0,0.007242551730700356
0,1,0.992926184445516
1,1,0.9999808418356592
1,1,0.9999997132333988
0,0,0.10071736163826898
0,0,0.07867806520150822
1,1,0.9997194627306167
0,0,0.020168457481670597
0,0,0.0004717062985942036
0,0,0.43807120626787777
1,1,0.9995776423866031
0,0,0.0014318638336223185
0,0,0.01205612979976911
1,1,0.9982383967960713
1,1,0.9999998357318035
1,1,0.8761311178730388
1,1,0.9999358277217233
0,1,0.7464050533099426
1,1,0.9999623015154544
0,0,0.0010942609476762336
0,0,0.45437156321826383
1,1,0.9993810369000021
0,0,0.005719565760375911
1,0,0.29898722416993034
1,1,0.9964668539821008
1,0,0.05540601394089871
0,0,0.028925607559879583
0,0,0.0013348121178951514
0,0,0.002026533146271706
0,0,0.07442979895218503
0,0,0.0008602900174989192
1,1,0.9999358546585791
0,0,0.061411174200583965
0,0,0.00944138267081094
0,0,0.023169352173175815
1,1,0.9992853849909059
1,1,0.999985640398698
0,0,0.013244700432762857
1,1,0.9999690903870204
0,0,0.019460054857999034
0,0,0.036569728856336456
0,1,0.9502467440127865
0,0,9.200804358310637e-05
0,0,0.13202571560804774
0,0,0.03207443592067156
1,1,0.9853468369819369
1,1,0.9999914076159887
0,0,0.06002786056607386
1,1,0.9933858661964223
1,0,0.1968829008467397
1,0,0.06743478083078522
0,0,0.047611073262543706
0,0,0.013944874596111713
0,0,0.003089850053989748
0,0,0.04093139280691092
0,0,0.216569946243519
0,0,0.3919091696200837
0,0,0.002100416088675746
0,0,0.0004019158458754667
1,1,0.9999997368698261
1,1,0.575564392086144
1,1,0.9995017191689124
1,1,0.9992092696294526
0,0,0.021548760182504192
1,1,0.9988136001144426
1,1,0.9985151514950505
0,0,0.003045953574453145
0,0,0.12409027848944797
1,1,0.9999920116038121
0,0,0.06133382845182218
1,1,0.9997527330051357
1,1,0.9996345871591774
1,1,0.9830825301525024
1,1,0.9987777583313935
1,1,0.54282147460751
1,1,0.9991855107356886
1,1,0.9999001463017054
0,0,0.10643864520875947
0,0,3.2403329416249894e-07
1,1,0.9889155554551758
1,1,0.9982610510901062
1,0,0.2633376301296786
0,0,0.0002066800281027843
0,0,0.051120413513162356
1,1,0.9997017428823349
0,0,0.007593536507136616
0,1,0.7903324947898376
0,0,0.03001996671547703
0,0,0.004905412532495734
1,1,0.9982777989817089
0,0,0.0024995114380469887
1,0,0.06867137165131884
1,1,0.9931051469229981
1,0,0.34948087456980176
1,1,0.9991337937674292
0,0,0.012263449059429408
0,0,0.00012209167259802795
0,0,2.510433535057435e-05
1,1,0.9998220869910139
0,0,0.006772072620060633
1,1,0.9948085390462584
1,1,0.5595896704754558
0,0,0.08286882645090775
0,0,0.03925433893637752
1,1,0.9980497617398656
1,1,0.9992884781555182
0,1,0.8018905474946649
1,1,0.9999628856816526
1,1,0.9997942150924706
1,0,0.023447551171752932
0,0,0.00019441004391873682
0,0,0.03016921793554188
1,1,0.9999944909898689
1,1,0.6361631599411635
0,0,0.07961474582465007
0,1,0.5417125208752439
1,1,0.9971358486694113
0,0,0.0019287985209211417
1,1,0.9927442452432597
1,1,0.9996461557419921
0,0,0.0014944226197187607
0,0,0.04588047614567377
0,0,0.03891664922794796
1,0,0.07520674764798053
1,0,0.047135311337054835
1,1,0.9999458485930827
0,0,0.0005238995880312832
0,0,7.94947919249545e-06
0,0,0.14749516345976113
0,0,0.005391626435058693
0,1,0.8104465418333491
1,1,0.9972321859792074
1,0,0.19569176220587825
1,1,0.9986659162860667
0,0,0.0033302795167660802
0,0,2.1440398563741894e-05
1,1,0.9996457051272337
1,1,0.8693856950929253
1,1,0.756532465985101
1,1,0.6359072295583434
1,1,0.9993989803291297
0,0,0.00020843737183309373
1,1,0.9999999599491509
0,0,0.265886873257548
1,1,0.9967801810434949
1,0,0.06603501560418946
0,0,0.04174928673472219
1,0,0.3314850327142975
0,0,9.454873274035346e-05
1,1,0.9999995833360789
1,1,0.996225050507214
0,0,0.12526601808862953
1,1,0.6694236191160355
1,1,0.9991504993978282
0,0,0.13211980551375116
1,0,0.3571432088266365
1,1,0.9990515765936615
1,0,0.10819215921510371
0,0,0.0045460365568326215
0,0,0.009336338085043014
1,0,0.12572506849306422
1,1,0.9999999812342389
1,1,0.9997595271187332
0,0,0.01266311134686917
0,0,0.1994841578335937
0,0,0.00026381963477474496
0,0,0.037687584013569836
1,1,0.9999463680181874
1,0,0.02672519899182219
1,1,0.986017029687088
1,1,0.7578016399392632
1,1,0.9999863608665374
0,0,0.07388294210060023
0,0,7.903344423218623e-06
1,1,0.9998503068260594
1,1,0.9072736673989763
0,0,0.023392783313191095
1,1,0.9999917566692366
0,0,0.007299511811404998
1,1,0.9987435202826516
1,1,0.9999999207148865
1,1,0.999999322641704
0,0,0.0006641204018406976
0,0,7.844630319934739e-06
0,0,0.08078280662772203
0,0,0.0008011451865747882
0,0,0.41356782131525816
1,0,0.4452868501100163
0,0,0.023382979808257782
1,1,0.9983605923786214
1,0,0.07526980626356718
1,1,0.9999880827239979
1,1,0.9999994114616593
1,1,0.9803682913813073
0,0,0.133812651253639
0,0,0.15847379298156603
0,0,0.00010915867547299254
1,1,0.9999996663058638
0,0,0.007765673953967451
1,1,0.998437574656357
1,1,0.9998624506924361
0,0,0.0003917446943968712
1,1,0.9999481613785098
0,0,0.0242088554134649
0,0,9.069656840806822e-07
1,1,0.9999643024796434
1,1,0.9973800617468066
1,1,0.9999936423584517
1,1,0.8334704055854458
0,0,0.01226570285297824
1,1,0.9995793423391707
0,0,0.01528661422163768
1,1,0.9938748386986366
1,1,0.7553552749373814
0,0,0.00641032278709448
1,0,0.21072974232036826
0,0,0.0029996079037020256
1,1,0.9999856193458448
0,0,0.44065761050426955
1,1,0.9999955846581186
1,1,0.998858993960801
0,0,0.1283356750035515
0,1,0.6667892907158963
1,1,0.9999360800909733
1,1,0.5868052492784133
1,0,0.15911040462546625
0,0,0.16747130222128248
1,0,0.468590390937506
0,0,0.15547470758129672
0,0,0.15411175679261427
1,1,0.9999996162251373
0,0,0.016614353987800163
1,1,0.9986510439935672
0,0,0.01903633105627217
0,0,0.00035001702580595974
1,1,0.9998838102412496
0,0,0.07666601733994667
1,1,0.9999999181161097
0,0,0.01796407681203794
0,1,0.6927730267850408
1,1,0.9990150161790676
1,1,0.9999591666831985
0,0,3.278429987647067e-05
1,1,0.9999999595017327
1,1,0.9996852762227066
1,1,0.9999697662093582
0,0,0.3255632357002028
0,0,0.018617278262002466
0,0,0.007901835539221375
0,0,0.0031991120071659007
1,1,0.9999336634585815
0,0,8.60723231423934e-05
0,0,0.20101486786338393
1,0,0.12291497379083037
0,0,0.038622186553466636
1,1,0.9999173285680996
0,0,0.0108952867206109
0,0,0.1772876193654217
0,0,0.0015182357554400813
0,0,0.009429243042307345
1,1,0.9999999472920843
1,1,0.9999745547533064
1,0,0.0042456909681004105
0,0,0.00014132550007746393
0,0,3.5040657485039635e-05
0,0,0.001475663096292557
0,0,0.23268241751267277
0,1,0.7658638873551441
0,0,0.05713069669892105
1,1,0.9965359924448588
0,0,0.006839280048297965
1,1,0.8241907540992576
1,1,0.711840379437286
1,1,0.9982125223520256
1,1,0.9999433098724878
0,0,9.178881079355345e-05
1,1,0.9997429812436819
0,1,0.9138163808811475
0,0,0.004041791114986319
1,1,0.9968090346542342
0,0,0.0006051699816898996
0,0,0.17585751626689658
0,0,5.966989494642783e-07
1,1,0.9995962833739478
0,0,0.0003590963537150808
0,0,0.09016916756758303
1,1,0.9972658738547637
1,1,0.9996010892205165
1,1,0.7511987034031099
1,1,0.9999337134218664
0,0,0.0017324169444935355
1,1,0.997937186519496
0,0,0.018205075961360926
1,0,0.44772601907276427
1,1,0.9997604911962955
1,0,0.016565333045176413
1,0,0.24982506302753282
0,0,0.043644590343487645
1,1,0.9998542779838734
1,1,0.9836520028216805
0,0,0.2871087032181742
0,0,0.020811416865437776
1,0,0.01985924120612322
1,1,0.7395605490553262
1,1,0.9996877274194084
0,0,0.3192065132439899
0,0,0.04300457628814471
1,1,0.999328655389924
1,0,0.31184615583232483
1,1,0.9999584087314826
0,0,0.00019130493063023384
0,0,0.00015377210166776716
0,0,0.08171177553233085
0,0,7.242080975100811e-06
1,1,0.9761638272085151
0,0,0.00015300583910399
1,1,0.6573175522843465
1,1,0.9894049735209308
0,0,0.182274089011419
0,0,0.009445767743475796
0,0,0.2427043952677578
0,0,0.006672205090797243
0,0,0.0075754470639185405
0,1,0.6506030498063415
0,0,0.2931536216276392
0,0,0.1558656376731562
0,0,0.18533945810388266
0,0,0.08364887666277922
0,0,0.06346051123551925
0,1,0.5771052393162202
0,0,0.016097999615499695
1,1,0.8025815741281529
1,0,0.3399706661285652
1,1,0.9954425504621205
0,1,0.6237922625141092
1,1,0.7747892443651497
1,1,0.9987426428520598
1,1,0.5249502982190011
0,0,0.47806451325313437
1,1,0.9678076254088378
0,1,0.8443022320464654
0,0,0.0001041654407906859
1,1,0.9987456908156064
1,0,0.06289287861681252
0,0,0.0009332482035904674
1,1,0.9999999982126349
1,1,0.9997784268612966
0,0,0.19553595437784405
0,0,0.004273026113584994
1,0,0.2339606917636031
1,0,0.01881266200872427
1,1,0.9999571213068897
1,0,0.0011284876062414074
1,1,0.8373428703015982
0,0,0.0559877682704661
0,0,0.08218569429636928
0,0,0.22051315985154388
0,0,0.014532009349417792
0,0,0.0006677533876009469
1,1,0.9997067188842265
0,0,0.0005633353585433026
1,1,0.9999999377918477
1,1,0.9995987265875734
0,0,0.29213696920605653
0,0,0.21656555276290795
1,1,0.9999819760099357
1,1,0.9999999691462765
1,1,0.7353160145925911
1,1,0.9968072038582809
0,0,0.07651082771099894
1,0,0.25808321273589224
0,0,0.14646098476266894
0,0,0.21608732106898187
0,0,0.03622592838223819
1,1,0.9996700433279745
1,1,0.9967323884564047
1,1,0.9999999956543637
1,0,0.26596304429253415
0,0,2.8063265579741288e-06
0,0,0.21020941423883371
0,0,9.708352241453114e-05
0,0,0.1622654180243742
1,1,0.9961251930793822
0,0,0.10528781695938107
0,0,0.0015519206572424374
1,1,0.9999999937503166
1,0,0.3622664265230571
0,0,0.0001661681937321547
1,1,0.9997825900724424
0,0,0.01076633186814244
1,1,0.999897028794374
0,0,0.0010134460562063428
0,0,0.05666894987436258
0,0,0.0007680525359061435
0,0,0.20527478364922108
0,0,0.00010531370063240175
0,0,0.4965978440607263
1,0,0.24728336629473419
0,1,0.7810081698004041
0,0,0.18861849206121564
0,0,0.09736287073027833
0,0,0.004317392585830305
0,1,0.8589669024547321
1,1,0.9999751974368665
1,0,0.09609524439029085
1,1,0.9994103443026237
1,1,0.9995871776210301
1,1,0.9996576486031805
0,0,0.1251885215600826
1,1,0.9509538902929682
0,0,0.0015287065104604136
0,0,7.574584994032998e-07
0,0,0.00538205641521678
1,1,0.9999769387924352
0,0,0.0010493906152698716
0,0,0.011673014836190536
0,0,0.0001236786270753809
1,1,0.99951380814086
0,0,0.0023203902226171975
0,0,0.03667759437534192
0,0,0.0055988346615440335
1,1,0.9972109648379955
0,0,2.335749242381823e-05
0,0,0.0027284951839447323
1,1,0.999878426529274
0,0,0.00014038406206613206
0,0,0.003880395262880073
1,1,0.9897615147840386
0,0,0.034732249772026866
1,1,0.9997525530577208
0,0,0.0005413665342878805
1,1,0.9316292636273767
0,0,0.1261831100556517
1,1,0.9997653050215553
0,0,0.0008988293343306084
1,1,0.9999045813827685
1,1,0.9992389491004001
0,0,0.16973418408959484
0,0,0.04841838620635394
0,1,0.5804286133356213
0,0,0.003921755543918756
0,0,0.11668598963238287
0,0,0.014757562956802533
1,1,0.6717644763096967
0,0,0.012935397229880153
1,1,0.7119313082836696
1,1,0.9997011137974617
0,0,0.001757312758073639
1,1,0.9999890690626033
0,1,0.7724061189972682
0,0,0.15468789240847203
0,0,0.001554565443912845
1,0,0.017614218832665052
1,1,0.9999834704063394
0,0,0.002086341831755686
1,1,0.9995322373698312
1,1,0.9999368515511196
1,1,0.9998080693063114
1,1,0.8959384103952074
0,0,1.5822893262347536e-06
0,0,0.19281490147425187
1,1,0.999829928468139
1,1,0.9999990624640843
0,0,0.33659214941675264
0,0,0.03687836567051199
0,0,0.00021270644531205506
1,0,0.07432061232369025
1,1,0.9999951186154987
0,0,0.10585663994106281
1,1,0.9999974640954752
0,0,0.17416577593325008
0,0,0.21452060606460768
0,0,0.3295736709149152
1,1,0.9998052785684708
0,0,0.0014969140009639477
1,1,0.9999782624771326
1,1,0.9970540972237701
0,0,0.021832530588526217
0,0,0.21076951699824142
0,0,0.05143754002225948
1,1,0.9999083199592547
1,1,0.8506266694065348
0,0,0.07721064121060905
1,1,0.7804164773607261
0,0,0.11322679072138941
1,1,0.9999856563327943
0,0,0.08920035541755862
0,0,0.07546334709633779
0,1,0.9149416084221696
0,0,0.004854442136624144
0,0,0.00259366055466019
0,0,0.00700759919527086
1,1,0.7249943699915383
0,0,0.012603667316415466
0,0,0.0008818557971667203
0,0,0.03019765390512009
0,1,0.5584054184377588
0,0,0.1733051582867471
1,1,0.9228983753507217
1,0,0.05116782674564851
0,0,0.036083649609146416
1,1,0.9984425499846146
1,1,0.9365649633563602
0,0,0.23726923154009197
1,1,0.99971769301156
0,0,0.2595528176713011
0,0,8.678977074112518e-05
0,0,0.00026657517960686764
0,0,0.0014559459885250543
0,0,0.05567619820225571
0,0,0.019508014209143505
1,1,0.9987966715789789
0,0,0.00010028303323411884
0,0,3.288803568868414e-05
1,1,0.999999999743088
1,0,0.06940185106465936
0,0,0.006825408839530151
1,1,0.9999999615247369
0,0,0.0005004233353679144
1,1,0.9998834738082065
0,0,0.000648189966556959
0,0,0.0024923351627752885
1,1,0.9999986345088477
1,1,0.9998496370083184
0,0,0.04726821297009538
0,0,0.005005389457860831
1,1,0.9999999017342974
1,0,0.322160961036149
0,0,0.022822197241468656
1,1,0.9777143289938081
1,1,0.9998709993583248
0,1,0.9881307954190693
1,1,0.9985859121224052
0,0,3.8711950847805864e-06
1,1,0.9999353981045036
0,1,0.538368100083461
0,0,0.049610772399196264
0,0,0.00027965723554964624
1,1,0.9999907829026583
1,1,0.999935455329882
1,1,0.995905150792759
1,1,0.9992437136763247
1,0,0.2466678447210001
0,0,0.13055958021069422
0,0,0.21579616317369052
0,0,0.04405810600815839
0,0,0.010507911999579202
1,0,0.12037541726611053
1,0,0.02446391851011722
0,0,0.15917514405565775
0,0,0.36413608475437736
0,0,8.514570079310875e-07
0,0,0.007758772874295865
1,1,0.9999534860916751
1,1,0.9998514724469472
1,1,0.9998911665060881
0,0,0.019880637276201235
1,1,0.9999999997424451
0,0,0.10218240948207837
0,0,0.010104682150760755
0,0,0.0005054061892523047
0,0,0.004899633174844454
1,1,0.9998929186767442
0,0,0.43789414614806976
1,1,0.999993568161493
1,1,0.9999469735493198
1,0,0.0004407625591284309
1,1,0.9985493151089073
1,0,0.031234650302651167
0,0,0.002513569963629372
1,0,0.0813763694475082
1,1,0.9993577061054614
0,0,4.337187692384453e-05
0,0,0.05056203194724736
0,0,0.05705849850826044
1,1,0.9999832154229972
1,1,0.9961824208823962
0,0,0.0001799645534608245
1,1,0.9997319475339667
0,0,0.002332760740687194
0,0,0.01652844953394913
0,0,0.22957657693104264
1,1,0.9978724762493014
0,1,0.8989457162717974
0,0,0.0029533717721269745
1,1,0.9990742456602191
1,1,0.9997898548761253
1,0,0.0011319401687263828
0,0,0.00789158485088552
1,1,0.7695332945252704
0,0,0.00024853146721809545
0,0,2.325610587190682e-06
0,0,0.009800286814145093
0,0,2.4356331656993595e-05
1,1,0.9893007288938942
0,0,0.03250327182299598
0,0,0.07578084579534654
0,0,6.681990218707613e-06
1,1,0.9727889313585893
0,0,0.004461162648551573
0,0,0.12402868632105438
1,0,0.09502683423982275
1,1,0.5789438560902619
1,1,0.9978177366719921
0,0,0.15169813768766216
0,0,0.00013888237629518325
1,0,0.055016319849408094
0,0,0.0010205078969278366
1,1,0.9908266477815949
1,1,0.6835762461961732
0,0,0.01636130569735359
1,1,0.9998097948743713
1,1,0.7258807059239504
1,1,0.9976982023410718
1,0,0.029696437724138807
1,1,0.999686281787422
1,1,0.9957831900984612
0,0,0.0036353926102202358
1,1,0.9998623787311729
1,1,0.9989514979611575
0,0,0.00015726459694207455
0,0,0.0005432329356926316
0,1,0.5747697919599003
0,0,9.720596712023787e-06
1,1,0.9667485673617233
0,0,0.054110653705802945
1,0,0.27910128045046423
0,0,9.05867055124466e-06
1,0,0.05980625785307903
1,1,0.9999185972086726
0,1,0.8088218627684078
1,1,0.9918316790003849
1,1,0.9999144128786365
1,1,0.9945823094370869
0,0,0.0003428260055203294
1,0,0.005415113411126328
0,0,0.1271571811929552
0,0,8.198262645619832e-05
1,1,0.9998379179692407
1,1,0.9988681253928853
1,0,0.07320540098403225
0,1,0.9601636905412426
0,0,0.014424455463888831
0,0,0.00013152408838846877
1,1,0.9993734935318216
0,0,0.07883769747491375
0,0,0.03484767684110362
1,1,0.9999999884272858
1,1,0.9884352195480068
1,1,0.9823834595422657
0,0,0.3477979783920537
1,0,0.48985719980180936
1,1,0.9995344133788271
1,1,0.9456103929762575
1,0,0.023120212910596905
0,0,0.3905109070949671
0,0,0.006260016941706923
1,1,0.9999985828762649
1,1,0.9999986563741582
1,0,0.033152134882927696
0,0,0.10035339273427535
0,0,0.008206888042776783
1,1,0.995893761934673
0,0,0.2752663545334869
1,1,0.9999649827024103
1,1,0.9999998293776253
0,0,0.22933526405519192
1,0,0.08090933247982471
0,0,0.3725265249697586
0,0,0.06340416485409352
1,1,0.6823515087438106
0,0,5.670556214831039e-07
1,1,0.9993418856812059
0,0,0.15020002660925502
0,0,0.0003449647364110529
1,1,0.9997499508146266
1,1,0.9999925506310704
1,1,0.999928537420669
1,1,0.9999999438662932
1,0,0.45931882276611635
0,0,0.27994019717485746
0,0,0.12237757652101282
0,1,0.9602589404042162
1,1,0.9996555682018233
1,1,0.9998865462506116
0,0,0.11573674050293534
1,1,0.8016080254450295
1,1,0.9999999971323821
0,0,0.015354897876129581
0,0,0.0027523222856327464
1,1,0.9995420962534339
1,1,0.8214932369615262
0,0,0.03500699719010972
1,1,0.998113887292693
0,0,0.0039043576526301567
1,1,0.9996012291417848
0,0,3.470597753306142e-06
1,1,0.999541644771351
0,0,0.037097584580909705
1,1,0.9999420200544076
0,1,0.971166315766762
0,0,0.0018608342942041647
0,0,0.09208551074362349
1,1,0.9999971807054372
1,1,0.9962354656524892
0,1,0.7492468014897964
0,0,0.005435676083571274
1,1,0.9998480840800426
0,0,0.00032120497258022605
0,0,0.016604331085448648
1,1,0.9999760179095444
0,0,0.014126607777858893
0,0,0.029574130736427534
0,0,0.0014293548205096737
1,0,0.2023298961297186
0,0,0.039049410139735376
0,0,0.00027211161071673544
1,1,0.9999361638027414
0,0,0.001198269872330481
0,1,0.7109150856249211
1,1,0.999605465468362
0,0,0.00038744299606992326
0,0,0.02903118649012473
0,0,0.012881984516679521
1,0,0.1314217071032652
0,0,0.0008179935037555108
0,0,0.001640030398304395
0,0,0.0003004394136550581
0,0,0.09465659509086184
1,1,0.9993883731984491
1,1,0.9999654269300939
1,1,0.9999223906035416
0,1,0.7866840251884231
1,1,0.9998796128346318
0,0,0.11955815890662644
1,1,0.9999556257704777
0,1,0.8206791747016963
0,0,0.02928022336834204
1,1,0.9998424830603404
1,1,0.998663562452395
0,0,0.019295056269318166
1,1,0.9999999069804149
1,1,0.9999999566120047
0,0,0.05304231681910863
1,0,0.333988455579983
1,1,0.9610818288043438
0,0,0.007570679365206915
1,0,0.23157992658914
1,1,0.9999999258422365
1,1,0.9999967482638817
1,1,0.9492721104733719
0,0,0.13717794566317681
1,0,0.018692456189446788
0,0,0.00023239281642585942
1,0,0.4789343167249514
1,1,0.9996996613415342
1,1,0.9999881034427877
1,1,0.8387871584383396
1,1,0.998698097523079
1,1,0.9416687735514842
1,1,0.9998310300459249
1,0,0.034189153932004814
0,0,0.011568164727666102
0,0,0.2684411913915778
1,1,0.9959059859287038
0,0,0.0541068349597084
1,0,0.15900865348264914
1,0,0.40144992532884044
1,1,0.9971999243093443
0,0,0.1132329399017358
0,0,0.0005270446707010385
0,0,1.3583933463855958e-05
1,1,0.999543766842636
0,0,0.005951866026209472
0,0,0.015071545249886676
0,0,0.05447146185693081
0,0,9.666295764250182e-06
0,0,0.004590877328029049
1,1,0.9998358233267357
1,0,0.013003548188696604
1,0,0.3376812319750912
0,0,0.16433409981684674
1,1,0.9830908434108007
0,0,0.0014698742776187873
0,0,0.010530749161251166
1,0,0.10793530902995419
1,1,0.9210529487581207
0,0,1.7228564491984828e-05
1,0,0.08660317526462938
0,0,0.0007635934265334694
1,1,0.9936612886637751
1,1,0.9996931287632892
0,0,0.002259923300606286
1,1,0.9997346551337466
0,0,0.02972272030287287
1,0,0.007480761980702465
1,1,0.9854842297291517
1,1,0.8355589830222527
1,1,0.8767615284935999
0,0,0.0045885215581866175
0,0,0.019734387956432616
0,0,0.1593128139874111
0,0,0.0013140135354944506
0,0,0.012323283104657757
1,1,0.999730494565872
1,1,0.9959169626432058
1,0,0.05831119340603222
1,1,0.9992354832673933
0,1,0.9056515302617909
0,0,0.08482791814551174
0,0,0.028758478474245334
1,0,0.30436506797960505
1,1,0.9995990910397177
1,1,0.9999789059308037
1,1,0.9999970781012749
0,1,0.5631628816242201
0,0,0.1890456016453924
1,1,0.999986443606327
0,1,0.7510200411216564
0,0,0.0094092942781548
1,0,0.027870791077849153
1,1,0.9917615566205988
1,0,0.013464303029946193
1,0,0.18807056234016292
0,0,0.061196220741731366
1,1,0.9999494186677048
1,1,0.9997813203863295
1,1,0.9996325997860883
1,1,0.6602917090763305
1,1,0.7277188003824024
1,1,0.9997923390960343
0,0,0.3283972038519261
1,1,0.9982323626214827
0,0,0.013919638618302286
0,0,0.25168740846555726
0,0,0.0005685012415416645
1,1,0.9999843095504691
0,0,0.0008067879565321381
1,1,0.9990662122934096
1,1,0.9996884608393175
1,0,0.3118300625269807
1,1,0.9978951327622945
1,1,0.9998607395953806
1,1,0.9998898668119979
0,0,0.009502394696858905
1,0,0.2970226770799284
1,1,0.5963944121905094
0,0,0.12310418814708961
1,1,0.9997822752103789
0,0,0.013385738905648238
1,1,0.9999986655417432
0,0,0.05235739412065583
0,0,0.0001981112767471693
0,0,0.019010537620038726
1,1,0.9999995046016529
1,1,0.9990494714187045
1,1,0.516877952202805
1,1,0.9999768943068172
0,0,0.003995505918150895
0,0,0.000580194540273022
0,0,0.023904734340465115
1,1,0.9993549941117258
0,0,0.357619321450889
1,1,0.9999999829233047
1,1,0.9999506725241293
0,0,0.03705399685041831
1,1,0.9999688190011918
0,0,0.16574205497969427
1,0,0.12302324735965094
0,0,1.3855534927034968e-05
1,1,0.9977150632157292
0,0,0.35317647530091556
1,1,0.9999596049345284
0,0,0.020591565763178284
0,0,0.4875481807428667
0,1,0.5913991157811632
0,0,0.0006387179640962074
0,1,0.5490933651322215
1,1,0.9999685361668079
1,0,0.009107640832509263
1,1,0.9990855597319428
1,1,0.5056642929436024
1,0,0.06905129773521816
1,1,0.8226915854091579
0,0,0.00863420242624378
0,0,0.009379187580827009
1,1,0.9999728672331857
0,0,0.004054964940072598
0,0,0.00010638828131561513
0,0,0.04088286020911799
0,0,0.06376375386686325
1,1,0.9987157480546506
0,1,0.7917107035550257
0,0,0.0024007467853651107
1,1,0.9999999790813225
1,1,0.9954108094670384
1,1,0.9999046079537668
1,1,0.9990009366907936
0,0,0.0006369344280571916
1,1,0.9969413569956016
1,1,0.9927635551552222
0,0,0.001600255314629785
0,0,0.00025682135935520555
1,1,0.9953284897564604
1,1,0.9999559397701442
1,1,0.9978317114631824
1,1,0.9288601846667868
0,0,0.05033482885889756
0,0,0.005019379107660487
1,1,0.9976764720065776
0,0,0.04219010426276526
1,1,0.9999926370955526
0,0,3.79440822004143e-05
0,0,4.608606176070109e-06
1,1,0.997834783140864
0,1,0.8035860814504079
1,1,0.9999112033195758
1,1,0.9957348747384267
0,0,1.1277455164352719e-05
1,1,0.9999842718807728
1,0,0.4405454324526283
1,1,0.9708782129428987
0,0,0.2079269741321386
1,1,0.9999831890307231
1,1,0.9898167428124404
0,0,0.12560307618285085
0,0,0.3060501605452712
1,0,0.0859729722250214
1,1,0.999957931008204
1,1,0.718204942980428
0,0,0.0004579993640024365
1,1,0.9959756125741527
0,1,0.9045937646239279
1,1,0.9917505551262674
0,0,0.05801912743153399
1,1,0.9999994480755012
0,0,0.0025670480574444
1,1,0.9995439904607734
1,1,0.9999880983419189
0,0,0.0003780110549199925
0,0,0.016222502188197742
1,1,0.9999198243614479
0,0,0.00029984114349647237
0,0,0.00015059997771465388
1,1,0.9997718127588873
0,0,0.272599502417975
1,1,0.9999878022755253
1,0,0.07868296693612997
1,1,0.9961278839172318
0,0,4.8287004522497144e-05
1,1,0.9999893428658088
1,1,0.9965018229671102
0,1,0.5227045589439915
1,1,0.999989612786678
1,1,0.9999992093253979
1,1,0.9996506101249447
1,0,0.3465874367790182
1,1,0.9745882457167054
0,0,0.0028922480092666825
0,0,5.589539119190674e-05
1,0,0.20397701313334038
0,0,0.00011264847135304882
1,1,0.9941727195967975
0,0,0.06889902575799907
0,0,0.0029422214943789896
1,0,0.22324146666392172
0,0,5.992096701294056e-06
1,1,0.9998555422033044
1,1,0.9991364343430099
0,0,5.6068364941328824e-05
1,0,0.003277075444410647
0,0,0.004018908561577548
0,0,0.028908318206774045
0,0,0.16498316027429683
0,1,0.9296291779526141
0,0,0.010392141513718095
0,0,0.0008330168369639138
0,0,0.12369224395769737
0,0,0.0006216187384739081
1,0,0.3819017093107476
0,0,8.50919582325736e-05
1,0,0.060409062701665524
1,1,0.6989129636212211
0,0,0.0006668868517109357
0,0,0.006861339105529595
1,0,0.0190013702537837
0,0,0.020357438634957172
0,0,0.002280207013339392
1,1,0.9992486392861081
0,0,0.0023200178671712434
0,0,1.2702641574334027e-06
0,0,0.00021085075736710276
0,0,0.012585617555561103
1,0,0.13491887397630253
0,0,0.03600869382927887
0,0,0.017230763728313673
0,0,0.013321959642577416
1,0,0.011786863098875592
0,0,0.3987741541454494
0,1,0.5712208040075651
0,0,0.04704690014251563
1,1,0.9999478059343241
0,0,0.12270743982373036
0,0,0.2741694191406809
0,0,0.00035973427355604436
1,1,0.9934203754008906
0,0,0.046093167790226125
0,0,0.06215850474864254
0,0,5.43842411070212e-06
1,1,0.9999708048768009
1,1,0.9998784792102942
0,0,0.013319329960996983
0,0,0.05445522587277552
1,0,0.13189066663598142
0,0,0.00021678367566689186
1,1,0.9999966977231034
1,0,0.0700092400416945
0,0,0.0102320676756337
0,0,0.13176154319586275
0,0,0.014074084510709508
1,1,0.8345391305496742
1,1,0.9999922384064993
0,0,0.00043528893112270453
1,1,0.9991425734253283
1,1,0.9997652647285796
1,1,0.9969858017145087
0,0,0.03025455679962428
1,1,0.999828483990224
1,1,0.9998988105132379
1,1,0.9999442977202886
1,1,0.9999998196627321
0,0,0.4230522363384543
0,0,0.022596930626829326
1,1,0.9999651532399169
0,0,0.022590860588366943
0,0,0.025893976779059608
1,1,0.9343808320132713
1,1,0.999984089555065
1,1,0.9995826938768182
1,1,0.9998398168380134
1,1,0.9999999752446385
0,0,0.04381959177109591
0,0,5.218113703296257e-05
1,1,0.9961902493148449
0,0,0.2897808494588514
0,0,0.46210805672359606
0,0,0.0005261630985526109
1,1,0.9998913929979646
0,0,0.024087305269659055
1,1,0.8412886328433573
1,1,0.9317541544865346
0,0,1.145345866645953e-05
0,0,0.07465016014106948
1,1,0.7890191486721556
0,0,0.09686124046286211
0,0,0.014168920329342069
0,0,0.02164280547335641
1,1,0.9932498857932959
1,1,0.999536455737409
0,0,0.040438933883586166
0,1,0.6415438095727888
1,1,0.9999957979300536
1,1,0.9969714813863809
1,1,0.9999168714440946
0,0,0.03535970598448839
1,1,0.5869906596952078
1,0,0.023169033357042703
0,0,0.10008903619844153
1,0,0.023786712485146036
0,0,7.676490994153239e-05
1,0,0.4865052435575904
1,1,0.9955541961361591
1,1,0.9958741622812024
0,0,0.006066994492772185
1,1,0.9985607771799662
0,0,0.4038039173075584
1,1,0.793854564938355
0,0,0.27289215925801047
1,1,0.9997037902044462
1,1,0.9983004381156587
1,1,0.999999518377516
1,1,0.9999997810031391
0,0,0.4823194284762305
0,0,0.09722934438622563
1,1,0.9955412983572411
1,0,0.2415681186651519
1,1,0.9999847336522232
0,0,0.09399004740959248
0,0,0.02314043826785881
1,0,0.09944624527418855
0,0,0.0803539706283713
1,1,0.9997888930564119
1,1,0.9844503596870452
1,0,0.27917898663292307
1,1,0.9998745663765728
1,1,0.9999999840973908
1,1,0.9904321718777707
1,1,0.9606361661264069
1,1,0.9999164065511966
0,0,0.12855810444930466
1,1,0.9997449569023079
0,0,0.17974773332213898
0,0,0.01994130417096885
1,1,0.9994721921903734
1,1,0.9999995907352778
0,0,0.024119089735077866
1,1,0.9996847147462804
1,1,0.9999909639652902
1,0,0.26863459126445977
1,0,0.056597773973267325
0,1,0.9907384717018884
1,1,0.9994640745774713
1,1,0.9693238557878544
1,0,0.41858248678842247
0,0,0.0013795540981828976
1,1,0.9917069964261873
1,0,0.43300771380258746
1,1,0.9975112289787128
1,1,0.9982043239318447
1,1,0.9999964192932229
1,1,0.9963735033055653
1,1,0.9998996058702276
0,0,0.14132678298941406
0,0,0.2547406672170414
1,1,0.9999961727976637
0,0,0.22142530041335728
1,1,0.9903356828353487
0,0,0.0042505032349120335
1,1,0.9998583189507477
0,0,0.012203493702641859
1,1,0.9995169059151793
0,0,0.00023931391888585432
0,0,0.028784523048176188
0,1,0.6608008687466334
0,0,0.016197534619416778
1,1,0.9995018708060095
1,0,0.07618970848282763
1,1,0.9966433604328153
1,1,0.9998661926293624
1,1,0.9997837076375659
0,0,0.3565291734734319
0,1,0.9883751577869541
0,0,1.6298960001712892e-05
0,1,0.6558751264056614
1,1,0.999774281226032
1,1,0.9540405334164446
1,1,0.9999752383304862
1,1,0.660987195000346
1,1,0.9999792901553465
0,0,0.007996092656424649
1,1,0.9977180980002944
0,0,0.0037546159135727654
0,0,0.004220949659504844
0,0,0.0007321233501963938
1,0,0.07854110915186445
0,0,0.10645954732907763
0,1,0.8708715309528691
1,1,0.9999501635197419
0,0,0.11320523127860795
1,1,0.7729339933332044
0,0,0.0028841017027659275
0,0,0.04513423339718338
1,1,0.9999999768619187
1,0,0.03561663476806951
0,0,0.00019186656354224706
1,1,0.9999999778195572
0,0,0.026530457415712434
0,1,0.5143733034244495
0,0,0.01443338228732713
1,1,0.9997706342210004
1,0,0.03336713226609552
